player,position,draft_year,draft_pos,performance_value
Eric Fisher,LT,2013,1,7.7
Jadeveon Clowney,ED,2014,1,8.5
Myles Garrett,ED,2017,1,12.6
Von Miller,ED,2011,2,12.3
Luke Joeckel,LG,2013,2,4.8
Greg Robinson,LT,2014,2,0.4
Saquon Barkley,RB,2018,2,4.5
Nick Bosa,ED,2019,2,15.1
Chase Young,ED,2020,2,5.1
Marcell Dareus,IDL,2011,3,11.1
Trent Richardson,RB,2012,3,1.3
Dion Jordan,ED,2013,3,0.4
Dante Fowler Jr.,ED,2015,3,6.4
Joey Bosa,ED,2016,3,13.600000000000001
Solomon Thomas,IDL,2017,3,1.8000000000000003
Quinnen Williams,IDL,2019,3,10.7
Jeff Okudah,CB,2020,3,2.3
A.J. Green,WR,2011,4,10.5
Matt Kalil,LT,2012,4,6.6000000000000005
Lane Johnson,RT,2013,4,7.200000000000001
Sammy Watkins,WR,2014,4,9
Amari Cooper,WR,2015,4,10.1
Ezekiel Elliott,RB,2016,4,8
Leonard Fournette,RB,2017,4,1
Denzel Ward,CB,2018,4,9.7
Clelin Ferrell,ED,2019,4,1.1
Andrew Thomas,LT,2020,4,10.5
Patrick Peterson,CB,2011,5,10.5
Justin Blackmon,WR,2012,5,0
Ezekiel Ansah,ED,2013,5,9.7
Khalil Mack,ED,2014,5,13.3
Brandon Scherff,RG,2015,5,7.6
Jalen Ramsey,CB,2016,5,10.1
Corey Davis,WR,2017,5,6.800000000000001
Bradley Chubb,ED,2018,5,10.6
Devin White,LB,2019,5,1.6
Julio Jones,WR,2011,6,9.9
Morris Claiborne,CB,2012,6,1.9
Barkevious Mingo,LB,2013,6,3.3000000000000003
Jake Matthews,LT,2014,6,8.2
Leonard Williams,IDL,2015,6,8.1
Ronnie Stanley,LT,2016,6,10
Jamal Adams,S,2017,6,9.6
Quenton Nelson,LG,2018,6,9.6
Aldon Smith,ED,2011,7,5.4
Mark Barron,S,2012,7,1.7000000000000002
Jonathan Cooper,RG,2013,7,3
Mike Evans,WR,2014,7,9.3
Kevin White,WR,2015,7,0.8
DeForest Buckner,IDL,2016,7,10.6
Mike Williams,WR,2017,7,9.6
Josh Hines-Allen,ED,2019,7,11.1
Derrick Brown,IDL,2020,7,9.4
Tavon Austin,WR,2013,8,6.800000000000001
Justin Gilbert,CB,2014,8,0
Vic Beasley,LB,2015,8,4.8
Jack Conklin,RT,2016,8,7.1
Christian McCaffrey,RB,2017,8,8.1
Roquan Smith,LB,2018,8,8.9
T.J. Hockenson,TE,2019,8,7.3
Isaiah Simmons,LB,2020,8,2
Tyron Smith,LT,2011,9,9.2
Luke Kuechly,LB,2012,9,8.6
Dee Milliner,CB,2013,9,0
Anthony Barr,LB,2014,9,7.200000000000001
Ereck Flowers,LT,2015,9,0.4
Leonard Floyd,ED,2016,9,5
John Ross,WR,2017,9,1.2
Mike McGlinchey,RT,2018,9,7.8
Ed Oliver,IDL,2019,9,7.6
C.J. Henderson,CB,2020,9,0.8
Stephon Gilmore,CB,2012,10,7.8
Chance Warmack,LG,2013,10,1.5
Eric Ebron,TE,2014,10,3.7000000000000006
Todd Gurley,RB,2015,10,8.1
Eli Apple,CB,2016,10,1.5
Devin Bush,LB,2019,10,1.6
Jedrick Wills,LT,2020,10,0.4
J.J. Watt,IDL,2011,11,12.5
Dontari Poe,IDL,2012,11,4.8
D.J. Fluker,RG,2013,11,1.8000000000000003
Taylor Lewan,LT,2014,11,9
Trae Waynes,CB,2015,11,7.1
Vernon Hargreaves,CB,2016,11,0.7
Marshon Lattimore,CB,2017,11,10.6
Minkah Fitzpatrick,S,2018,11,8.8
Jonah Williams,RT,2019,11,5.9
Mekhi Becton,RT,2020,11,1.1
Fletcher Cox,IDL,2012,12,11
D.J. Hayden,CB,2013,12,2.2
Odell Beckham Jr.,WR,2014,12,10.2
Danny Shelton,IDL,2015,12,0.5
Sheldon Rankins,IDL,2016,12,3
Vita Vea,IDL,2018,12,9.7
Rashan Gary,ED,2019,12,10.7
Henry Ruggs,WR,2020,12,0
Nick Fairley,IDL,2011,13,3.5000000000000004
Michael Floyd,WR,2012,13,0.8
Sheldon Richardson,IDL,2013,13,2.7
Aaron Donald,IDL,2014,13,12.7
Andrus Peat,LG,2015,13,5.8
Laremy Tunsil,LT,2016,13,11.1
Haason Reddick,ED,2017,13,3.3000000000000003
Daron Payne,IDL,2018,13,10
Christian Wilkins,IDL,2019,13,10.8
Tristan Wirfs,RT,2020,13,11
Robert Quinn,ED,2011,14,10.7
Michael Brockers,IDL,2012,14,7.1
Star Lotulelei,IDL,2013,14,5.6
Kyle Fuller,CB,2014,14,7.9
DeVante Parker,WR,2015,14,5.4
Karl Joseph,S,2016,14,1.3
Derek Barnett,ED,2017,14,3.4000000000000004
Marcus Davenport,ED,2018,14,5.8
Chris Lindstrom,RG,2019,14,9.1
Javon Kinlaw,IDL,2020,14,2.8
Mike Pouncey,C,2011,15,6.2
Bruce Irvin,ED,2012,15,6
Kenny Vaccaro,S,2013,15,0.6
Ryan Shazier,LB,2014,15,0
Melvin Gordon,RB,2015,15,4
Corey Coleman,WR,2016,15,0.4
Malik Hooker,S,2017,15,0.5
Kolton Miller,LT,2018,15,9.9
Jerry Jeudy,WR,2020,15,6.9
Ryan Kerrigan,ED,2011,16,8
Quinton Coples,ED,2012,16,2.1
Zack Martin,RG,2014,16,7.9
Kevin Johnson,CB,2015,16,1.6
Taylor Decker,LT,2016,16,7.5
Marlon Humphrey,CB,2017,16,9.8
Tremaine Edmunds,LB,2018,16,8
Brian Burns,ED,2019,16,11
A.J. Terrell,CB,2020,16,7.9
Nate Solder,LT,2011,17,7.000000000000001
Dre Kirkpatrick,CB,2012,17,6.3
Jarvis Jones,ED,2013,17,1.3
C.J. Mosley,LB,2014,17,9
Arik Armstead,IDL,2015,17,8.6
Keanu Neal,LB,2016,17,2.2
Jonathan Allen,IDL,2017,17,9.9
Derwin James,S,2018,17,9.1
Dexter Lawrence,IDL,2019,17,10
CeeDee Lamb,WR,2020,17,13.3
Corey Liuget,IDL,2011,18,7.200000000000001
Melvin Ingram,ED,2012,18,9.6
Eric Reid,S,2013,18,0.8
Calvin Pryor,S,2014,18,0
Marcus Peters,CB,2015,18,7.400000000000001
Ryan Kelly,C,2016,18,6.3
Adoree' Jackson,CB,2017,18,7.1
Jaire Alexander,CB,2018,18,10.1
Garrett Bradbury,C,2019,18,2.3
Austin Jackson,RT,2020,18,5.3
Prince Amukamara,CB,2011,19,3.5000000000000004
Shea McClellin,LB,2012,19,2
Justin Pugh,LG,2013,19,5.1
Ja'Wuan James,RT,2014,19,6.800000000000001
Cameron Erving,C,2015,19,1.6
Shaq Lawson,ED,2016,19,5
O.J. Howard,TE,2017,19,1.7000000000000002
Leighton Vander Esch,LB,2018,19,1
Jeffery Simmons,IDL,2019,19,10.5
Damon Arnette,CB,2020,19,0.1
Adrian Clayborn,ED,2011,20,2.1
Kendall Wright,WR,2012,20,1.2
Kyle Long,RG,2013,20,6.4
Brandin Cooks,WR,2014,20,9.1
Nelson Agholor,WR,2015,20,0.5
Darron Lee,LB,2016,20,0.1
Garett Bolles,LT,2017,20,8.6
Frank Ragnow,C,2018,20,7.400000000000001
Noah Fant,TE,2019,20,4.1
K'Lavon Chaisson,ED,2020,20,1
Phil Taylor,IDL,2011,21,0.5
Chandler Jones,ED,2012,21,2.1
Tyler Eifert,TE,2013,21,3.1
Ha-Ha Clinton-Dix,S,2014,21,1.6
Cedric Ogbuehi,RT,2015,21,0.5
Will Fuller,WR,2016,21,5.8
Jarrad Davis,LB,2017,21,3
Billy Price,C,2018,21,0.5
Darnell Savage Jr.,S,2019,21,2.8
Jalen Reagor,WR,2020,21,0.4
Anthony Castonzo,LT,2011,22,7.6
Desmond Trufant,CB,2013,22,8.2
Bud Dupree,ED,2015,22,8
Josh Doctson,WR,2016,22,0.4
Charles Harris,ED,2017,22,1
Rashaan Evans,LB,2018,22,0.8
Andre Dillard,LT,2019,22,4.3
Justin Jefferson,WR,2020,22,13.699999999999998
Danny Watkins,RG,2011,23,1.6
Riley Reiff,LT,2012,23,7.000000000000001
Sharrif Floyd,IDL,2013,23,0
Dee Ford,ED,2014,23,9
Shane Ray,ED,2015,23,0.6
Laquon Treadwell,WR,2016,23,0.4
Evan Engram,TE,2017,23,4.3
Isaiah Wynn,RT,2018,23,1
Tytus Howard,RT,2019,23,8.3
Kenneth Murray,LB,2020,23,3
Cameron Jordan,ED,2011,24,7.7
David DeCastro,RG,2012,24,6.4
Bjoern Werner,LB,2013,24,0.5
Darqueze Dennard,CB,2014,24,2.4
D.J. Humphries,LT,2015,24,7.400000000000001
William Jackson III,CB,2016,24,7.400000000000001
Gareon Conley,CB,2017,24,0.4
D.J. Moore,WR,2018,24,9.9
Josh Jacobs,RB,2019,24,5.2
Cesar Ruiz,RG,2020,24,4.9
James Carpenter,LG,2011,25,3.3000000000000003
Dont'a Hightower,LB,2012,25,5.3
Xavier Rhodes,CB,2013,25,8.4
Jason Verrett,CB,2014,25,1.6
Shaq Thompson,LB,2015,25,7.200000000000001
Artie Burns,CB,2016,25,0.5
Jabrill Peppers,S,2017,25,1
Hayden Hurst,TE,2018,25,1.7000000000000002
Marquise Brown,WR,2019,25,2.7
Brandon Aiyuk,WR,2020,25,11.7
Jonathan Baldwin,WR,2011,26,0.5
Whitney Mercilus,ED,2012,26,4.5
Datone Jones,IDL,2013,26,0.5
Marcus Smith,ED,2014,26,0.6
Breshad Perriman,WR,2015,26,0.4
Takkarist McKinley,ED,2017,26,2.3
Calvin Ridley,WR,2018,26,9
Montez Sweat,ED,2019,26,10.9
Jimmy Smith,CB,2011,27,7.200000000000001
Kevin Zeitler,RG,2012,27,7.200000000000001
DeAndre Hopkins,WR,2013,27,9.7
Deone Bucannon,LB,2014,27,1.3
Byron Jones,CB,2015,27,8.3
Kenny Clark,IDL,2016,27,8.8
Tre'Davious White,CB,2017,27,8.7
Rashaad Penny,RB,2018,27,2.8
Johnathan Abram,S,2019,27,0.5
Jordyn Brooks,LB,2020,27,3.4000000000000004
Mark Ingram,RB,2011,28,2.8
Nick Perry,ED,2012,28,3.2
Sylvester Williams,IDL,2013,28,3.3000000000000003
Kelvin Benjamin,WR,2014,28,1.4
Laken Tomlinson,LG,2015,28,3.1
Joshua Garnett,LG,2016,28,0.4
Taco Charlton,ED,2017,28,1.5
Terrell Edmunds,S,2018,28,1.2
Jerry Tillery,IDL,2019,28,1.5
Patrick Queen,LB,2020,28,5.4
Gabe Carimi,RG,2011,29,0.6
Harrison Smith,S,2012,29,6.6000000000000005
Cordarrelle Patterson,WR,2013,29,2.5
Dominique Easley,IDL,2014,29,0.4
Phillip Dorsett,WR,2015,29,0.8
Robert Nkemdiche,IDL,2016,29,0.4
David Njoku,TE,2017,29,6.6000000000000005
Taven Bryan,IDL,2018,29,1.9
L.J. Collier,IDL,2019,29,0.5
Isaiah Wilson,RT,2020,29,0.1
Muhammad Wilkerson,IDL,2011,30,11.1
A.J. Jenkins,WR,2012,30,1.4
Alec Ogletree,LB,2013,30,6.3
Jimmie Ward,S,2014,30,2.4
Damarious Randall,S,2015,30,1.4
Vernon Butler,IDL,2016,30,3.8
T.J. Watt,ED,2017,30,15.299999999999999
Mike Hughes,CB,2018,30,1.1
Deandre Baker,CB,2019,30,0.1
Noah Igbinoghene,CB,2020,30,0.5
Cameron Heyward,IDL,2011,31,7.3
Doug Martin,RB,2012,31,4.6
Travis Frederick,C,2013,31,6.1
Bradley Roby,CB,2014,31,5.3
Stephone Anthony,LB,2015,31,0.4
Germain Ifedi,RG,2016,31,0.5
Reuben Foster,LB,2017,31,0
Sony Michel,RB,2018,31,0.8
Kaleb McGary,RT,2019,31,5.1
Jeff Gladney,CB,2020,31,1.6
Derek Sherrod,LT,2011,32,0.5
David Wilson,RB,2012,32,0
Matt Elam,S,2013,32,0
Malcom Brown,IDL,2015,32,2.7
Emmanuel Ogbah,ED,2016,32,3.8
Ryan Ramczyk,RT,2017,32,10.5
N'Keal Harry,WR,2019,32,0.5
Clyde Edwards-Helaire,RB,2020,32,0.7
Ras-I Dowling,CB,2011,33,0.1
Brian Quick,WR,2012,33,1.1
Johnathan Cyprien,S,2013,33,3.7000000000000006
Xavier Su'a-Filo,LG,2014,33,0.5
Landon Collins,S,2015,33,7.400000000000001
Kevin Dodd,ED,2016,33,0
Kevin King,CB,2017,33,2.7
Austin Corbett,RG,2018,33,1.1
Byron Murphy,CB,2019,33,3.9
Tee Higgins,WR,2020,33,8.5
Aaron Williams,S,2011,34,4.9
Coby Fleener,TE,2012,34,4.6
Justin Hunter,WR,2013,34,0.5
Demarcus Lawrence,ED,2014,34,9.7
Donovan Smith,LT,2015,34,7.3
Jaylon Smith,LB,2016,34,6.800000000000001
Cam Robinson,LT,2017,34,7.5
Will Hernandez,RG,2018,34,0.6
Rock Ya-Sin,CB,2019,34,1.8000000000000003
"Michael Pittman, Jr.",WR,2020,34,9.1
Courtney Upshaw,ED,2012,35,0.8
Zach Ertz,TE,2013,35,5.5
Joel Bitonio,LG,2014,35,6
Mario Edwards Jr.,IDL,2015,35,1.2
Hunter Henry,TE,2016,35,5.4
Malik McDowell,IDL,2017,35,0.4
Nick Chubb,RB,2018,35,6.7
Jawaan Taylor,RT,2019,35,8.9
D'Andre Swift,RB,2020,35,3.1
Derek Wolfe,IDL,2012,36,5.9
Darius Slay,CB,2013,36,7.7
T.J. Yeldon,RB,2015,36,0.9000000000000001
Myles Jack,LB,2016,36,7.6
Budda Baker,S,2017,36,7.400000000000001
Shaquille Leonard,LB,2018,36,10.8
Deebo Samuel,WR,2019,36,11.5
Xavier McKinney,S,2020,36,6.6000000000000005
Jabaal Sheard,ED,2011,37,3.8
Mitchell Schwartz,RT,2012,37,4.3
Giovani Bernard,RB,2013,37,3.3000000000000003
Ra'Shede Hageman,ED,2014,37,0.4
Devin Smith,WR,2015,37,0.4
Chris Jones,IDL,2016,37,10.1
Zay Jones,WR,2017,37,1.4
Braden Smith,RT,2018,37,9.6
Greg Little,LT,2019,37,0.5
Kyle Dugger,S,2020,37,5.7
Ryan Williams,RB,2011,38,0.4
Andre Branch,ED,2012,38,1.8000000000000003
Manti Te'o,LB,2013,38,1.5
Austin Seferian-Jenkins,TE,2014,38,2.8
Preston Smith,ED,2015,38,6.9
Xavien Howard,CB,2016,38,8
Forrest Lamp,LG,2017,38,0.6
Ronald Jones II,RB,2018,38,0.7
Cody Ford,LG,2019,38,0.5
Yetur Gross-Matos,ED,2020,38,3.5000000000000004
Akeem Ayers,LB,2011,39,2.1
Janoris Jenkins,CB,2012,39,8.1
Marqise Lee,WR,2014,39,4.8
Eddie Goldman,IDL,2015,39,5.9
Noah Spence,ED,2016,39,0.4
Marcus Maye,S,2017,39,5.8
James Daniels,RG,2018,39,4.2
Sean Murphy-Bunting,CB,2019,39,1.6
Robert Hunt,RG,2020,39,7.8
Bruce Carter,LB,2011,40,3
Amini Silatolu,LT,2012,40,0.5
Tank Carradine,ED,2013,40,1.7000000000000002
Kyle Van Noy,ED,2014,40,3.2
Dorial Green-Beckham,WR,2015,40,0
Sterling Shepard,WR,2016,40,5.4
Curtis Samuel,WR,2017,40,6.3
Courtland Sutton,WR,2018,40,8.2
Trayvon Mullen,CB,2019,40,0.5
Ross Blacklock,IDL,2020,40,0.4
Jarvis Jenkins,IDL,2011,41,0.6
Cordy Glenn,LT,2012,41,7.7
Robert Woods,WR,2013,41,4.1
Lamarcus Joyner,S,2014,41,6.4
Devin Funchess,WR,2015,41,5.3
Reggie Ragland,LB,2016,41,0.5
Dalvin Cook,RB,2017,41,6.4
Harold Landry,ED,2018,41,8.4
Dalton Risner,LG,2019,41,1.2
Jonathan Taylor,RB,2020,41,6.2
Brooks Reed,ED,2011,42,3.1
Jonathan Martin,RT,2012,42,0
Menelik Watson,RG,2013,42,3.7000000000000006
Jordan Matthews,WR,2014,42,0.6
Jalen Collins,CB,2015,42,0.4
Kamalei Correa,ED,2016,42,1.1
Marcus Williams,S,2017,42,5.8
Mike Gesicki,TE,2018,42,5.3
Laviska Shenault,WR,2020,42,0.5
Kyle Rudolph,TE,2011,43,5.5
Stephen Hill,WR,2012,43,0.1
Johnthan Banks,CB,2013,43,0.5
Weston Richburg,C,2014,43,5.4
Benardrick McKinney,LB,2015,43,5.6
Austin Johnson,IDL,2016,43,0.8
Sidney Jones,CB,2017,43,0.4
Kerryon Johnson,RB,2018,43,0.5
Jahlani Tavai,LB,2019,43,0.6
Cole Kmet,TE,2020,43,5.6
Titus Young,WR,2011,44,0
Jeff Allen,RG,2012,44,4.5
Kawann Short,IDL,2013,44,9.6
Cyrus Kouandjio,LT,2014,44,0.4
Hau'oli Kikaha,LB,2015,44,0
Jihad Ward,ED,2016,44,0.9000000000000001
Gerald Everett,TE,2017,44,3.3000000000000003
Dante Pettis,WR,2018,44,0.5
Elgton Jenkins,LG,2019,44,8.2
Grant Delpit,S,2020,44,5.3
Rahim Moore,S,2011,45,2.8
Alshon Jeffery,WR,2012,45,9.4
Kevin Minter,LB,2013,45,2.5
Paul Richardson,WR,2014,45,4.5
Eric Kendricks,LB,2015,45,5.6
Derrick Henry,RB,2016,45,6.3
Adam Shaheen,TE,2017,45,1.2
Josh Jackson,CB,2018,45,0.5
Joejuan Williams,CB,2019,45,0.5
"Antoine Winfield, Jr.",S,2020,45,8.2
Orlando Franklin,LG,2011,46,5.1
Mychal Kendricks,LB,2012,46,5.1
Kiko Alonso,LB,2013,46,4.3
Stephon Tuitt,IDL,2014,46,7.200000000000001
Jaquiski Tartt,S,2015,46,3.7000000000000006
A'Shawn Robinson,IDL,2016,46,4.3
Quincy Wilson,CB,2017,46,0.1
Breeland Speaks,IDL,2018,46,0.1
Greedy Williams,CB,2019,46,0.6
K.J. Hamler,WR,2020,46,0.1
Lance Kendricks,TE,2011,47,3.2
Bobby Wagner,LB,2012,47,7.5
Gavin Escobar,TE,2013,47,0.5
Trent Murphy,ED,2014,47,4.2
Eric Rowe,S,2015,47,2.6
Michael Thomas,WR,2016,47,10.2
Tyus Bowser,ED,2017,47,3
Christian Kirk,WR,2018,47,8.6
Marquise Blair,S,2019,47,0.2
Marlon Davidson,IDL,2020,47,0.4
Stefen Wisniewski,C,2011,48,1.4
Tavon Wilson,S,2012,48,0.7
Le'Veon Bell,RB,2013,48,7.3
Timmy Jernigan,IDL,2014,48,7.200000000000001
Denzel Perryman,LB,2015,48,3.2
Jason Spriggs,LT,2016,48,0.4
Joe Mixon,RB,2017,48,6.1
Uchenna Nwosu,ED,2018,48,4.6
Erik McCoy,C,2019,48,5.8
Darrell Taylor,ED,2020,48,1.2
Ben Ijalana,RT,2011,49,0.8
Kendall Reyes,IDL,2012,49,1.9
Johnathan Hankins,IDL,2013,49,5.4
Jace Amaro,TE,2014,49,0.8
Mitch Morse,C,2015,49,5.9
Jarran Reed,IDL,2016,49,5.8
Ryan Anderson,ED,2017,49,0.6
Dallas Goedert,TE,2018,49,7.8
Ben Banogu,IDL,2019,49,0.5
Chase Claypool,WR,2020,49,0.5
Marcus Gilchrist,S,2011,50,3.8
Isaiah Pead,RB,2012,50,0.4
Jon Bostic,LB,2013,50,0.4
Jeremiah Attaochu,ED,2014,50,1.7000000000000002
Ronald Darby,CB,2015,50,3.5000000000000004
Nick Martin,C,2016,50,5.8
Justin Evans,S,2017,50,0.5
Connor Williams,C,2018,50,3.4000000000000004
Irv Smith Jr.,TE,2019,50,0.8
Jaylon Johnson,CB,2020,50,7.8
Da'Quan Bowers,IDL,2011,51,0.5
Jerel Worthy,IDL,2012,51,0.1
David Amerson,CB,2013,51,5.3
Ego Ferguson,IDL,2014,51,0.4
Nate Orchard,ED,2015,51,0.4
DeMarcus Walker,ED,2017,51,0.8
Anthony Miller,WR,2018,51,0.1
A.J. Brown,WR,2019,51,12
Trevon Diggs,CB,2020,51,8.6
Marvin Austin,IDL,2011,52,0.4
Zach Brown,LB,2012,52,0.8
Jamie Collins,LB,2013,52,0.8
Troy Niklas,TE,2014,52,0.5
Jordan Phillips,IDL,2015,52,2.4
Deion Jones,LB,2016,52,7.6
Kemoko Turay,IDL,2018,52,0.8
Drew Sample,TE,2019,52,0.5
Cam Akers,RB,2020,52,0.5
Stephen Paea,IDL,2011,53,3.7000000000000006
Devon Still,IDL,2012,53,0.4
Margus Hunt,ED,2013,53,1.2
Davante Adams,WR,2014,53,8.7
Jake Fisher,TE,2015,53,0.5
Su'a Cravens,S,2016,53,0.7
Teez Tabor,CB,2017,53,0.1
M.J. Stewart,S,2018,53,0.7
Miles Sanders,RB,2019,53,2.8
Jaiquawn Jarrett,S,2011,54,0.4
Ryan Broyles,WR,2012,54,0
Jamar Taylor,CB,2013,54,3.1
Bishop Sankey,RB,2014,54,0.4
Ameer Abdullah,RB,2015,54,0.4
Mackensie Alexander,CB,2016,54,2
Raekwon McMillan,LB,2017,54,0.6
Jessie Bates III,S,2018,54,6.2
Lonnie Johnson Jr.,S,2019,54,0.7
A.J. Epenesa,ED,2020,54,2.3
Rodney Hudson,C,2011,55,6.2
Peter Konz,C,2012,55,0
Vance McDonald,TE,2013,55,4.2
Jeremy Hill,RB,2014,55,0.8
Maxx Williams,TE,2015,55,1.2
Tyler Boyd,WR,2016,55,5.7
Dalvin Tomlinson,IDL,2017,55,5.8
Donte Jackson,CB,2018,55,5.6
Max Scharping,RG,2019,55,0.6
J.K. Dobbins,RB,2020,55,0.6
Shane Vereen,RB,2011,56,2.9
Mike Adams,RT,2012,56,0.5
Arthur Brown,LB,2013,56,0.7
Cody Latimer,WR,2014,56,1.4
Senquez Golson,CB,2015,56,0.1
Cody Whitehair,LG,2016,56,5.4
Obi Melifonwu,S,2017,56,0.4
Duke Dawson,S,2018,56,0.7
Mecole Hardman,WR,2019,56,1.8000000000000003
Raekwon Davis,IDL,2020,56,2.7
Mikel Leshoure,RB,2011,57,0
D.J. Swearinger,S,2013,57,0.4
Carlos Hyde,RB,2014,57,2.9
Rob Havenstein,RT,2015,57,4.6
T.J. Green,S,2016,57,0.4
Zach Cunningham,LB,2017,57,7.3
P.J. Hall,IDL,2018,57,0.4
J.J. Arcega-Whiteside,WR,2019,57,0.1
Van Jefferson,WR,2020,57,0.5
Torrey Smith,WR,2011,58,5.6
Lavonte David,LB,2012,58,7.000000000000001
Montee Ball,RB,2013,58,0.1
Stanley Jean-Baptiste,CB,2014,58,0.1
Markus Golden,ED,2015,58,2
Sean Davis,S,2016,58,2
Ethan Pocic,C,2017,58,1.6
Isaiah Oliver,CB,2018,58,1.1
Trysten Hill,IDL,2019,58,0.5
Ezra Cleveland,LG,2020,58,3.1
Greg Little,WR,2011,59,0.5
Vinny Curry,ED,2012,59,6
Aaron Dobson,WR,2013,59,0.4
Jack Mewhort,RG,2014,59,0.8
Ty Sambrailo,RT,2015,59,0.7
Roberto Aguayo,K,2016,59,0.1
Tanoh Kpassagnon,ED,2017,59,1.2
Derrius Guice,RB,2018,59,0
Parris Campbell,WR,2019,59,2.1
Denzel Mims,WR,2020,59,0.1
Brandon Harris,CB,2011,60,0.5
Kelechi Osemele,LG,2012,60,7.5
Robert Alford,CB,2013,60,6.1
Kony Ealy,ED,2014,60,0.7
Randy Gregory,ED,2015,60,0.4
Chidobe Awuzie,CB,2017,60,4
James Washington,WR,2018,60,0.6
Nasir Adderley,S,2019,60,0.4
Joshua Uche,ED,2020,60,1.2
Jonas Mouton,LB,2011,61,0
LaMichael James,RB,2012,61,0.4
Eddie Lacy,RB,2013,61,2.5
Allen Robinson,WR,2014,61,7.9
Ali Marpet,LG,2015,61,6.1
Vonn Bell,S,2016,61,3
Josh Jones,S,2017,61,0.4
D.J. Chark,WR,2018,61,4.8
Taylor Rapp,S,2019,61,0.8
Kristian Fulton,CB,2020,61,1.2
Daniel Thomas,RB,2011,62,0.5
Casey Hayward,CB,2012,62,3.3000000000000003
Christine Michael,RB,2013,62,0.4
Quinten Rollins,CB,2015,62,0.4
James Bradberry,CB,2016,62,7.3
JuJu Smith-Schuster,WR,2017,62,4.4
Brian O'Neill,RT,2018,62,10.1
Andy Isabella,WR,2019,62,0.2
A.J. Dillon,RB,2020,62,1.1
Marcus Gilbert,RT,2011,63,4.5
Rueben Randle,WR,2012,63,0.7
Travis Kelce,TE,2013,63,6
Jarvis Landry,WR,2014,63,9
Frank Clark,ED,2015,63,11.1
Adam Gotsis,ED,2016,63,0.5
Dion Dawkins,LT,2017,63,7.400000000000001
Carlton Davis,CB,2018,63,7.1
Juan Thornhill,S,2019,63,3.1
"Willie Gay, Jr.",LB,2020,63,1.2
Randall Cobb,WR,2011,64,7.000000000000001
Dwayne Allen,TE,2012,64,4.7
Dwayne Gratz,CB,2013,64,0.5
Justin Britt,C,2014,64,5.4
Jordan Richards,S,2015,64,0.5
Kevin Byard,S,2016,64,7.5
Taylor Moton,RT,2017,64,9.3
Tyquan Lewis,ED,2018,64,1.2
D.K. Metcalf,WR,2019,64,11.5
Jeremy Chinn,S,2020,64,1.6
Terrell McClain,IDL,2011,65,0.4
Trumaine Johnson,CB,2012,65,9
Larry Warford,RG,2013,65,5.1
C.J. Fiedorowicz,TE,2014,65,4.3
D'Joun Smith,CB,2015,65,0.4
Carl Nassib,ED,2016,65,4.2
Larry Ogunjobi,IDL,2017,65,3.4000000000000004
Brandon Parker,RT,2018,65,1.7000000000000002
Zach Allen,IDL,2019,65,6.800000000000001
Logan Wilson,LB,2020,65,4
Dontay Moch,LB,2011,66,0.4
Josh Robinson,CB,2012,66,1.3
Sio Moore,LB,2013,66,0.5
Morgan Moses,RT,2014,66,4.8
Jeremiah Poutasi,LG,2015,66,0.4
Max Tuerk,LG,2016,66,0.4
Ahkello Witherspoon,CB,2017,66,2.2
Lorenzo Carter,ED,2018,66,1.7000000000000002
Diontae Johnson,WR,2019,66,8.8
Antonio Gibson,RB,2020,66,1.5
Nate Irving,LB,2011,67,1.7000000000000002
Ronnie Hillman,RB,2012,67,1.3
Bennie Logan,IDL,2013,67,4.8
Billy Turner,RG,2014,67,0.5
A.J. Cann,RG,2015,67,2.7
Maliek Collins,IDL,2016,67,3
Alvin Kamara,RB,2017,67,7.6
Chad Thomas,ED,2018,67,0
Jalen Hurd,WR,2019,67,0.4
Julian Okwara,ED,2020,67,0.5
Kelvin Sheppard,LB,2011,68,0.5
DeVier Posey,WR,2012,68,0.6
Leon McFadden,CB,2013,68,0.4
Dezmen Southward,S,2014,68,0.1
Clive Walford,TE,2015,68,0.4
Will Redmond,CB,2016,68,0.2
Dawuane Smoot,ED,2017,68,2.7
Justin Reid,S,2018,68,5
Jachai Polite,ED,2019,68,0.1
Ashtyn Davis,S,2020,68,1.1
Rob Housler,TE,2011,69,1.2
T.J. Graham,WR,2012,69,0.5
Tyrann Mathieu,S,2013,69,8.1
Charles Sims,RB,2014,69,0.6
Tyler Lockett,WR,2015,69,6
Yannick Ngakoue,ED,2016,69,9
Cooper Kupp,WR,2017,69,7.9
B.J. Hill,IDL,2018,69,4.8
Josh Oliver,TE,2019,69,3.1
Damien Lewis,LG,2020,69,5.2
Justin Houston,ED,2011,70,11.7
Bryan Anger,P,2012,70,2.2
Blidi Wreh-Wilson,CB,2013,70,0.4
Marcus Martin,C,2014,70,0.6
Jaelen Strong,WR,2015,70,0.5
Bronson Kaufusi,IDL,2016,70,0.3
Pat Elflein,RG,2017,70,0.6
Fred Warner,LB,2018,70,10.4
Darrell Henderson,RB,2019,70,0.5
Brandon Jones,S,2020,70,2.6
DeMarco Murray,RB,2011,71,5.6
Josh LeRibeus,C,2012,71,0.6
T.J. McDonald,S,2013,71,3.6000000000000005
Christian Kirksey,LB,2014,71,5.7
Hroniss Grasu,C,2015,71,0.4
Darian Thompson,S,2016,71,0.4
Dan Feeney,LG,2017,71,1.9
Royce Freeman,RB,2018,71,0.6
Dre'Mont Jones,IDL,2019,71,7.6
Nnamdi Madubuike,IDL,2020,71,9.6
Martez Wilson,LB,2011,72,0.4
Olivier Vernon,ED,2012,72,10.9
Brian Winters,RG,2013,72,4.3
Scott Crichton,ED,2014,72,0
Jamon Brown,RG,2015,72,3.2
Jonathan Bullard,IDL,2016,72,0.5
Taywan Taylor,WR,2017,72,0.4
Nathan Shepherd,IDL,2018,72,0.5
Germaine Pratt,LB,2019,72,3
Josh Jones,LT,2020,72,0.7
Stevan Ridley,RB,2011,73,0.9000000000000001
Brandon Taylor,S,2012,73,0
Preston Brown,LB,2014,73,2.8
Tevin Coleman,RB,2015,73,2.3
Kenyan Drake,RB,2016,73,4.3
Jordan Willis,ED,2017,73,0.5
Jerome Baker,LB,2018,73,6.800000000000001
David Montgomery,RB,2019,73,2.7
Davon Hamilton,IDL,2020,73,5.1
Donald Stephenson,RT,2012,74,3
Terrance Williams,WR,2013,74,2.5
Jay Bromley,IDL,2014,74,0.4
Owamagbe Odighizuwa,ED,2015,74,0.4
KeiVarae Russell,CB,2016,74,0.4
Chris Wormley,IDL,2017,74,2.5
Geron Christian,LT,2018,74,0.6
Devin Singletary,RB,2019,74,1.2
Zack Baun,LB,2020,74,1.4
John Moffitt,LG,2011,75,0.5
Terron Armstead,LT,2013,75,8.4
Tre Mason,RB,2014,75,0
Shilique Calhoun,LB,2016,75,0.3
Duke Riley,LB,2017,75,0.6
Derrick Nnadi,IDL,2018,75,1.3
Jace Sternberger,TE,2019,75,0.5
Jonah Jackson,LG,2020,75,6.7
Will Rackley,LG,2011,76,0.4
Brandon Brooks,RG,2012,76,5.2
Keenan Allen,WR,2013,76,7.200000000000001
Travis Swanson,C,2014,76,0.9000000000000001
Chris Conley,WR,2015,76,1.2
Shon Coleman,LT,2016,76,0.5
Alex Anzalone,LB,2017,76,1
Terry McLaurin,WR,2019,76,11.1
Ke'Shawn Vaughn,RB,2020,76,0.1
Jurrell Casey,IDL,2011,77,6.800000000000001
Demario Davis,LB,2012,77,2.6
Dallas Thomas,LG,2013,77,0.5
Chris Borland,LB,2014,77,0
Duke Johnson,RB,2015,77,2.9
Daryl Worley,CB,2016,77,0.4
Daeshon Hall,IDL,2017,77,0.4
Sam Hubbard,ED,2018,77,5.5
Chase Winovich,ED,2019,77,0.5
Michael Ojemudia,CB,2020,77,0.1
Austin Pettis,WR,2011,78,0.7
Michael Egnew,TE,2012,78,0.1
Marquise Goodwin,WR,2013,78,1.8000000000000003
Spencer Long,C,2014,78,3.9
P.J. Williams,CB,2015,78,1.2
Joe Thuney,LG,2016,78,7.5
Tim Williams,ED,2017,78,0.3
Malik Jefferson,LB,2018,78,0.1
Michael Deiter,LG,2019,78,0.5
Matt Hennessy,C,2020,78,0.8
Leonard Hankerson,WR,2011,79,0.7
Brandon Hardin,S,2012,79,0.3
Markus Wheaton,WR,2013,79,3.3000000000000003
Terrence Brooks,S,2014,79,1.1
Eli Harold,ED,2015,79,0.5
Isaac Seumalo,LG,2016,79,3.1
ArDarius Stewart,WR,2017,79,0.1
Rasheem Green,ED,2018,79,1.3
David Long,CB,2019,79,0.7
Jabari Zuniga,ED,2020,79,0.5
Chris Culliver,CB,2011,80,5.6
Jamell Fleming,CB,2012,80,0.5
J.J. Wilcox,S,2013,80,1.9
Dexter McDougle,CB,2014,80,0.4
Alex Carter,CB,2015,80,0.3
Adolphus Washington,IDL,2016,80,0.5
Tarell Basham,ED,2017,80,1.5
Martinas Rankin,LT,2018,80,0
Sione Takitaki,LB,2019,80,1.1
Lynn Bowden,RB,2020,80,0.1
DeMarcus Van Dyke,CB,2011,81,0.4
Tyrone Crawford,IDL,2012,81,6.3
Damontre Moore,ED,2013,81,0.4
Gabe Jackson,RG,2014,81,6.6000000000000005
John Miller,RG,2015,81,2.9
Austin Hooper,TE,2016,81,5.3
Fabian Moreau,CB,2017,81,0.6
Michael Gallup,WR,2018,81,5.5
Will Harris,S,2019,81,1.1
Bryan Edwards,WR,2020,81,0.1
Vincent Brown,WR,2011,82,0.7
Mike Martin,IDL,2012,82,0.5
John Jenkins,IDL,2013,82,0.4
Will Sutton,IDL,2014,82,0.4
Lorenzo Mauldin,ED,2015,82,0
Le'Raven Clark,RT,2016,82,0.6
Carlos Henderson,WR,2017,82,0.1
Tracy Walker,S,2018,82,4
Nate Davis,RG,2019,82,4.4
Neville Gallimore,IDL,2020,82,0.7
Jerrel Jernigan,WR,2011,83,0
Mohamed Sanu,WR,2012,83,4.2
Logan Ryan,CB,2013,83,6
Louis Nix,IDL,2014,83,0.4
Craig Mager,CB,2015,83,0.4
Jordan Jenkins,ED,2016,83,1.9
Derek Rivers,ED,2017,83,0.6
Orlando Brown Jr.,RT,2018,83,0.5
Justin Layne,CB,2019,83,0
Lloyd Cushenberry,C,2020,83,4.9
Mason Foster,LB,2011,84,0.6
Bernard Pierce,RB,2012,84,0.5
Shawn Williams,S,2013,84,3.1
Kareem Martin,ED,2014,84,2.8
Khyri Thornton,IDL,2014,84,0.3
Jordan Hicks,LB,2015,84,4.5
Kendall Fuller,CB,2016,84,5
Chris Godwin,WR,2017,84,8.8
Justin Jones,IDL,2018,84,2.9
Khalen Saunders,IDL,2019,84,1.8000000000000003
Terrell Lewis,ED,2020,84,0.5
Jah Reid,RT,2011,85,2.4
Dwight Bentley,CB,2012,85,0.4
Jordan Reed,TE,2013,85,6
Tyler Kroft,TE,2015,85,3.3000000000000003
Braxton Miller,WR,2016,85,0.1
Antonio Garcia,RT,2017,85,0.5
Rashaan Gaulden,S,2018,85,0.3
Jaylon Ferguson,ED,2019,85,0
Julian Blackmon,S,2020,85,1.4
Allen Bailey,IDL,2011,86,4.7
Sean Spence,LB,2012,86,1.6
Hugh Thornton,RG,2013,86,0.4
Josh Huff,WR,2014,86,0.4
David Johnson,RB,2015,86,7.3
Leonte Carroo,WR,2016,86,0.4
Kareem Hunt,RB,2017,86,0.6
Mark Andrews,TE,2018,86,7.7
Kahale Warring,TE,2019,86,0.4
Zack Moss,RB,2020,86,1.6
Drake Nevis,IDL,2011,87,0.5
John Hughes,IDL,2012,87,2.2
Jordan Hill,IDL,2013,87,0.4
Phillip Gaines,CB,2014,87,0.5
Sammie Coates,WR,2015,87,0.4
Nick Vigil,LB,2016,87,1.2
Arden Key,ED,2018,87,0.6
Damien Harris,RB,2019,87,0.8
Anfernee Jennings,ED,2020,87,1.6
Johnny Patrick,CB,2011,88,0
Corey Lemonier,ED,2013,88,0.6
Will Clarke,ED,2014,88,0.4
Danielle Hunter,ED,2015,88,8.1
Kyler Fackrell,ED,2016,88,2.3
Eddie Vanderdoes,IDL,2017,88,0.4
Oren Burks,LB,2018,88,1.2
Cody Barton,LB,2019,88,1.6
Jordan Elliott,IDL,2020,88,0.8
Shareece Wright,CB,2011,89,2.1
Akiem Hicks,IDL,2012,89,3.2
Brennan Williams,RT,2013,89,0.4
Chris Watt,RG,2014,89,0.4
Javon Hargrave,IDL,2016,89,6.6000000000000005
D'Onta Foreman,RB,2017,89,0.4
Joseph Noteboom,LT,2018,89,6.4
Bobby Okereke,LB,2019,89,4.4
Cameron Dantzler,CB,2020,89,0.4
Curtis Marsh,CB,2011,90,0.5
Jake Bequette,ED,2012,90,0.1
Kayvon Webster,CB,2013,90,2.3
Donte Moncrief,WR,2014,90,5.4
Carl Davis,ED,2015,90,0.5
C.J. Prosise,RB,2016,90,0.5
Shaquill Griffin,CB,2017,90,7.3
Deadrin Senat,IDL,2018,90,0.5
Connor McGovern,C,2019,90,3.3000000000000003
Jonathan Greenard,ED,2020,90,7.400000000000001
Akeem Dent,LB,2011,91,1.6
Lamar Holmes,LT,2012,91,0.5
Duron Harmon,S,2013,91,2.5
John Brown,WR,2014,91,2.8
Chaz Green,RT,2015,91,0.4
John Johnson,S,2017,91,6.2
Tre'Quan Smith,WR,2018,91,1.4
Trey Pipkins,RT,2019,91,3.2
Devin Asiasi,TE,2020,91,0.1
Joseph Barksdale,RT,2011,92,0.8
T.Y. Hilton,WR,2012,92,9.1
Stedman Bailey,WR,2013,92,0
Trai Turner,RG,2014,92,6.7
Jeff Heuerman,TE,2015,92,2.1
Brandon Williams,CB,2016,92,0.4
Jourdan Lewis,CB,2017,92,2.5
Chukwuma Okorafor,RT,2018,92,4.7
Chuma Edoga,RT,2019,92,0.5
Devin Duvernay,WR,2020,92,1.7000000000000002
Chris Conte,S,2011,93,1
Brandon Thompson,IDL,2012,93,0.5
Will Davis,CB,2013,93,0.5
Brandon Linder,C,2014,93,6.2
Henry Anderson,IDL,2015,93,4.5
Montravius Adams,IDL,2017,93,0.6
Ronnie Harrison,S,2018,93,0.6
Miles Boykin,WR,2019,93,0.5
Darrynton Evans,RB,2020,93,0.4
Kenrick Ellis,IDL,2011,94,1
Jayron Hosley,CB,2012,94,0
Brandon Williams,IDL,2013,94,6.3
Terrance West,RB,2014,94,0.4
Ty Montgomery,RB,2015,94,0.5
Nick Vannett,TE,2016,94,1.4
Cameron Sutton,CB,2017,94,2.5
Alex Cappa,RG,2018,94,4.2
Jamel Dean,CB,2019,94,5.8
Josiah Deguara,TE,2020,94,0.5
Curtis Brown,CB,2011,95,0.5
Tony Bergstrom,C,2012,95,1.9
Sam Montgomery,ED,2013,95,0.1
Michael Schofield,RG,2014,95,0.5
Matt Jones,RB,2015,95,0.4
Graham Glasgow,RG,2016,95,5.5
Delano Hill,S,2017,95,0.5
Tarvarius Moore,S,2018,95,0.5
Oshane Ximines,ED,2019,95,0.5
McTelvin Agim,IDL,2020,95,0.1
Alex Green,RB,2011,96,0
Chris Givens,WR,2012,96,0.5
Knile Davis,RB,2013,96,0.4
Jerick McKinnon,RB,2014,96,4.2
Xavier Cooper,ED,2015,96,0.5
Vincent Valentine,IDL,2016,96,0.3
Kenny Golladay,WR,2017,96,9.9
Harrison Phillips,IDL,2018,96,3.1
Dawson Knox,TE,2019,96,6.2
Lucas Niang,RT,2020,96,0.2
Sione Fua,IDL,2011,97,0.5
Lamar Miller,RB,2012,97,4.2
Zaviar Gooden,LB,2013,97,0.4
Dri Archer,RB,2014,97,0.4
Geneo Grissom,ED,2015,97,0.4
Rees Odhiambo,LT,2016,97,0.4
Cordrea Tankersley,CB,2017,97,0.1
Mason Cole,C,2018,97,2.5
Bobby Evans,RG,2019,97,0.1
Jacob Phillips,LB,2020,97,0.5
Brandon Hogan,CB,2011,98,0
Gino Gradkowski,C,2012,98,0.7
Richard Rodgers,TE,2014,98,0.5
Steven Nelson,CB,2015,98,4.5
Justin Simmons,S,2016,98,5.8
Chad Williams,WR,2017,98,0.4
Jordan Akins,TE,2018,98,0.5
Quincy Williams,LB,2019,98,2.7
Malik Harrison,LB,2020,98,1.1
K.J. Wright,LB,2011,99,5.1
Ben Jones,C,2012,99,2.8
Nico Johnson,LB,2013,99,0.4
Crockett Gillmore,TE,2014,99,0
Paul Dawson,LB,2015,99,0.4
Joe Schobert,LB,2016,99,5.4
Rasul Douglas,CB,2017,99,0.4
Isaac Yiadom,CB,2018,99,0.6
Mike Edwards,S,2019,99,1.3
Matt Peart,RT,2020,99,0.5
Da'Norris Searcy,S,2011,100,4.1
Travis Benjamin,WR,2012,100,3.9
Akeem Spence,IDL,2013,100,1.8000000000000003
Brandon Thomas,LG,2014,100,0.3
Angelo Blackson,IDL,2015,100,0.4
Jonnu Smith,TE,2017,100,6.800000000000001
Dorian O'Daniel,LB,2018,100,0
Tanner Muse,S,2020,100,0.4
Clint Boling,LG,2011,101,3.6000000000000005
Omar Bolden,CB,2012,101,0.5
Ace Sanders,WR,2013,101,0
Jaylen Watkins,CB,2014,101,0.1
Trey Flowers,ED,2015,101,9.6
Charles Tapper,ED,2016,101,0.1
Brendan Langley,CB,2017,101,0.3
Ian Thomas,TE,2018,101,2.7
Yodny Cajuste,LT,2019,101,1.2
Dalton Keene,TE,2020,101,0.1
Jordan Cameron,TE,2011,102,5.2
Josh Boyce,WR,2013,102,0.4
Bashaud Breeland,CB,2014,102,0.5
Daryl Williams,LG,2015,102,3.2
Joshua Perry,LB,2016,102,0.4
Nazair Jones,IDL,2017,102,0.5
Jalyn Holmes,IDL,2018,102,0.5
Alexander Mattison,RB,2019,102,1.6
Alex Highsmith,ED,2020,102,7.6
Sam Acho,ED,2011,103,0.6
Frank Alexander,ED,2012,103,0
Alex Okafor,ED,2013,103,1.2
Devonta Freeman,RB,2014,103,4.9
Sheldon Day,IDL,2016,103,0.9000000000000001
Trey Hendrickson,ED,2017,103,8.2
Keke Coutee,WR,2018,103,0.1
Hakeem Butler,WR,2019,103,0.1
Davion Taylor,LB,2020,103,0.1
Luke Stocker,TE,2011,104,1.1
Joe Adams,WR,2012,104,0.4
Jelani Jenkins,ED,2013,104,0.5
Jalen Saunders,WR,2014,104,0.3
James Sample,S,2015,104,0.3
Tavon Young,CB,2016,104,4.6
Nyheim Miller-Hines,RB,2018,104,3.4000000000000004
Terrell Burgess,S,2020,104,0.1
Roy Helu,RB,2011,105,1.4
Nigel Bradham,LB,2012,105,2.3
Duke Williams,S,2013,105,0.5
Bryan Stork,C,2014,105,0
Jamison Crowder,WR,2015,105,5
Parker Ehinger,LG,2016,105,0.3
James Conner,RB,2017,105,1
Antonio Callaway,WR,2018,105,0.4
"Chauncey Gardner-Johnson, Jr.",S,2019,105,0.4
Adam Trautman,TE,2020,105,0.7
Christian Ballard,IDL,2011,106,0
Robert Turbin,RB,2012,106,0.5
Dion Sims,TE,2013,106,3.6000000000000005
Bruce Ellington,WR,2014,106,0.4
Jeremy Langford,RB,2015,106,0.4
Eric Murray,S,2016,106,3
Amara Darboh,WR,2017,106,0.3
Josey Jewell,LB,2018,106,2.6
Maxx Crosby,ED,2019,106,11.3
Tyre Phillips,LG,2020,106,0.4
Kris Durham,WR,2011,107,0.4
Devon Wylie,WR,2012,107,0.4
Brian Schwenke,C,2013,107,0.8
Justin Ellis,IDL,2014,107,2.5
Justin Hardy,WR,2015,107,0.5
Chris Moore,WR,2016,107,0.8
Kendell Beckwith,LB,2017,107,0
Christopher Herndon IV,TE,2018,107,0.5
Anthony Nelson,ED,2019,107,2.2
Akeem Davis-Gaither,LB,2020,107,1.1
Quinton Carter,S,2011,108,0
Philip Blake,C,2012,108,0.1
Edmund Kugbila,RG,2013,108,0.5
Cassius Marsh,ED,2014,108,2.2
Jalston Fowler,FB,2015,108,0.1
Ryan Smith,CB,2016,108,0.9000000000000001
Vince Biegel,LB,2017,108,0.3
Julian Love,S,2019,108,2.7
Saahdiq Charles,LT,2020,108,0.6
Colin McCarthy,LB,2011,109,0
Alameda Ta'amu,IDL,2012,109,0.4
David Bakhtiari,LT,2013,109,7.7
Ross Cockrell,CB,2014,109,0.4
Clayton Geathers,S,2015,109,1.5
B.J. Goodson,LB,2016,109,1.2
Jaleel Johnson,IDL,2017,109,0.7
Troy Apke,CB,2018,109,0.6
Khari Willis,S,2019,109,0
John Simpson,LG,2020,109,0.1
David Arkin,RG,2011,110,0.5
Ladarius Green,TE,2012,110,3.2
Mo Alexander,S,2014,110,0.5
T.J. Clemmings,RT,2015,110,0.5
Tyler Higbee,TE,2016,110,3.9
Dede Westbrook,WR,2017,110,0.6
Nick Nelson,CB,2018,110,0.3
Mitch Wishnowsky,P,2019,110,1.3
Darnay Holmes,CB,2020,110,0.4
Clyde Gates,WR,2011,111,0
Evan Rodriguez,RB,2012,111,0.4
Shamarko Thomas,S,2013,111,0.5
Russell Bodine,C,2014,111,1.4
Tre' Jackson,LG,2015,111,0
Miles Killebrew,S,2016,111,1
Tedric Thompson,S,2017,111,0.4
Brian Allen,C,2018,111,2.9
Kendall Sheffield,CB,2019,111,0.2
Solomon Kindley,LG,2020,111,0.1
Greg Salas,WR,2011,112,0.5
Bobby Massie,RT,2012,112,3.9
DaQuan Jones,IDL,2014,112,4
Arie Kouandjio,RG,2015,112,0.4
Malcolm Mitchell,WR,2016,112,0
Eddie Jackson,S,2017,112,7.400000000000001
Mark Walton,RB,2018,112,0.3
Bryce Love,RB,2019,112,0
Joshua Kelley,RB,2020,112,0.4
Chimdi Chekwa,CB,2011,113,0.5
Kyle Wilber,LB,2012,113,1
Barrett Jones,C,2013,113,0.4
Andre Williams,RB,2014,113,0.4
Gabe Wright,IDL,2015,113,0.4
Nick Kwiatkoski,LB,2016,113,3.5000000000000004
Rayshawn Jenkins,S,2017,113,4.8
DaeSean Hamilton,WR,2018,113,0.5
Justice Hill,RB,2019,113,1
"Troy Pride, Jr.",CB,2020,113,0.4
Cecil Shorts,WR,2011,114,2.1
Jaye Howard,IDL,2012,114,3.2
B.W. Webb,CB,2013,114,0.4
Aaron Colvin,CB,2014,114,4.8
Jamil Douglas,RG,2015,114,0.3
Ricardo Louis,WR,2016,114,0.3
Samaje Perine,RB,2017,114,0.4
Da'Shawn Hand,ED,2018,114,0.1
Dru Samia,RG,2019,114,0.1
Leki Fotu,IDL,2020,114,1
Kendall Hunter,RB,2011,115,0.7
Coty Sensabaugh,CB,2012,115,3.2
Shaq Evans,WR,2014,115,0.1
Ibraheim Campbell,S,2015,115,0.4
De'Vondre Campbell,LB,2016,115,3
Dorian Johnson,RG,2017,115,0.4
Joel Iyiegbuniwe,LB,2018,115,0.6
Christian Miller,ED,2019,115,0
Harrison Bryant,TE,2020,115,0.8
Casey Matthews,LB,2011,116,0.6
Orson Charles,TE,2012,116,0.1
Earl Watford,RG,2013,116,1.5
Keith McGill,S,2014,116,0
Rodney Gunter,IDL,2015,116,0.9000000000000001
Hassan Ridgeway,IDL,2016,116,0.5
Carl Lawson,ED,2017,116,8.2
Dorance Armstrong Jr.,ED,2018,116,2.9
Amani Hooker,S,2019,116,4.8
Ben Bartch,LG,2020,116,0.4
James Brewer,RT,2011,117,0.6
Joe Looney,C,2012,117,0.5
Khaseem Greene,LB,2013,117,0.1
Ka'Deem Carey,RB,2014,117,0
Blake Bell,TE,2015,117,0.4
Pharoh Cooper,WR,2016,117,0.4
Josh Reynolds,WR,2017,117,1
Jordan Whitehead,S,2018,117,3.5000000000000004
Austin Bryant,IDL,2019,117,0.5
D.J. Wonnum,ED,2020,117,2.4
Jalil Brown,CB,2011,118,0.5
Jarius Wright,WR,2012,118,2.6
Sean Porter,LB,2013,118,0.1
Martavis Bryant,WR,2014,118,1.1
Ramik Wilson,LB,2015,118,0.4
Juston Burris,CB,2016,118,0.4
Mack Hollins,WR,2017,118,0.6
Anthony Averett,CB,2018,118,1.9
Hjalte Froholdt,RG,2019,118,0.4
Albert Okwuegbunam,TE,2020,118,0.5
Delone Carter,RB,2011,119,0.5
Keenan Robinson,LB,2012,119,1.7000000000000002
Phillip Thomas,S,2013,119,0.3
Anthony Hitchens,LB,2014,119,5.1
Andrew Donnal,RT,2015,119,0.5
Tyler Ervin,RB,2016,119,0.1
Tarik Cohen,RB,2017,119,2.9
Kyzir White,LB,2018,119,1.4
Sheldrick Redwine,S,2019,119,0.5
Mykal Walker,LB,2020,119,0.4
James-Michael Johnson,LB,2012,120,0.5
Gerald Hodges,LB,2013,120,0.5
Josh Shaw,S,2015,120,0.7
David Onyemata,IDL,2016,120,4.5
Ben Gedeon,LB,2017,120,0
Will Dissly,TE,2018,120,3.8
Gary Jennings Jr.,WR,2019,120,0.1
La'Mical Perine,RB,2020,120,0.1
Chris Prosinski,S,2011,121,0.5
Keshawn Martin,WR,2012,121,0.4
Khaled Holmes,C,2013,121,0.4
Carl Bradford,LB,2014,121,0.1
Doran Grant,CB,2015,121,0.3
Willie Beavers,RG,2016,121,0.2
Joe Williams,RB,2017,121,0
Taron Johnson,CB,2018,121,4.4
Trevon Wesco,TE,2019,121,0.5
Logan Stenberg,LG,2020,121,0.1
Chris Hairston,RT,2011,122,0.5
Nick Toon,WR,2012,122,0.4
J.C. Tretter,C,2013,122,3.3000000000000003
Marqueston Huff,S,2014,122,0.4
Za'Darius Smith,ED,2015,122,8.8
Andrew Billings,IDL,2016,122,1.8000000000000003
Nico Siragusa,LG,2017,122,0.1
Kenny Young,LB,2018,122,0.6
Benjamin Snell Jr.,RB,2019,122,0.5
Tandon Doss,WR,2011,123,0.5
Brandon Boykin,CB,2012,123,0.5
Chris Harper,WR,2013,123,0.4
Kevin Norwood,WR,2014,123,0.1
Vince Mayle,TE,2015,123,0.3
Jerald Hawkins,RT,2016,123,0.4
Montae Nicholson,S,2017,123,0
Durham Smythe,TE,2018,123,1.7000000000000002
Ben Powers,LG,2019,123,5.8
Reggie Robinson,S,2020,123,0.5
Owen Marecic,RB,2011,124,0.5
Ron Brooks,CB,2012,124,1.2
Trevardo Williams,IDL,2013,124,0.3
De'Anthony Thomas,WR,2014,124,0.5
Kwon Alexander,LB,2015,124,7.200000000000001
Deon Bush,S,2016,124,0.7
Jalen Reeves-Maybin,LB,2017,124,1.3
Armani Watts,S,2018,124,0.6
Phil Haynes,LG,2019,124,0.5
"Anthony McFarland, Jr.",RB,2020,124,0.1
Taiwan Jones,RB,2011,125,1.1
Ronnell Lewis,LB,2012,125,0
Johnathan Franklin,RB,2013,125,0
Walt Aikens,S,2014,125,0.8
Buck Allen,RB,2015,125,0.5
Antonio Morrison,LB,2016,125,0
Samson Ebukam,ED,2017,125,3.3000000000000003
Avonte Maddox,CB,2018,125,4.1
Renell Wren,IDL,2019,125,0.1
Bilal Powell,RB,2011,126,1.4
Jared Crick,IDL,2012,126,1.3
William Gholston,IDL,2013,126,3.3000000000000003
Khairi Fortt,LB,2014,126,0.3
Mike Davis,RB,2015,126,0.4
Demarcus Robinson,WR,2016,126,1.2
Howard Wilson,CB,2017,126,0
Ito Smith,RB,2018,126,0.5
Riley Ridley,WR,2019,126,0
Charlie Heck,RT,2020,126,0.8
Rashad Carmichael,CB,2011,127,0.4
Adrien Robinson,TE,2012,127,0.4
Malliciah Goodman,ED,2013,127,0.4
Pierre Desir,CB,2014,127,0.4
Damien Wilson,LB,2015,127,1.6
Deiondre' Hall,S,2016,127,0.4
Michael Roberts,TE,2017,127,0.4
Rick Leonard,RT,2018,127,0.1
Iman Marshall,CB,2019,127,0
K'Von Wallace,S,2020,127,0.6
Cortez Allen,CB,2011,128,4.6
Rhett Ellison,FB,2012,128,1.1
Quinton Patton,WR,2013,128,0.5
Tre Boston,S,2014,128,0.4
Jon Feliciano,RG,2015,128,1.9
Evan Boehm,RG,2016,128,0.4
Josh Malone,WR,2017,128,0.3
Kentavius Street,ED,2018,128,0.6
Tony Pollard,RB,2019,128,4.5
Gabriel Davis,WR,2020,128,5.1
Julius Thomas,TE,2011,129,6.4
Miles Burris,LB,2012,129,0
John Simon,IDL,2013,129,0.2
Dontae Johnson,CB,2014,129,0.7
Jake Ryan,LB,2015,129,2.1
Derrick Kindred,S,2016,129,0.4
David Sharpe,LT,2017,129,0.3
Will Richardson,RT,2018,129,1
Isaiah Johnson,CB,2019,129,0.1
Cameron Clark,LG,2020,129,0
Jamie Harper,RB,2011,130,0
Christian Thompson,S,2012,130,0
Kyle Juszczyk,FB,2013,130,3.1
James White,RB,2014,130,2.4
Terry Poole,LT,2015,130,0.1
Alex Lewis,LG,2016,130,3.1
Julie'n Davenport,LT,2017,130,0.4
Josh Sweat,ED,2018,130,7.3
Drue Tranquill,LB,2019,130,1.3
James Lynch,IDL,2020,130,0.4
Davon House,CB,2011,131,4.3
Brandon Mosley,RT,2012,131,0
Marcus Lattimore,RB,2013,131,0
Brock Vereen,S,2014,131,0.1
Shaquille Mason,RG,2015,131,5.1
Blake Martinez,LB,2016,131,5.2
Deatrich Wise,ED,2017,131,3
Kalen Ballage,RB,2018,131,0.4
Wes Martin,RG,2019,131,0.5
Rashard Lawrence,IDL,2020,131,0.2
Kealoha Pilares,WR,2011,132,0
Mike Daniels,IDL,2012,132,7.200000000000001
Devin Taylor,ED,2013,132,0.5
Kevin Pierre-Louis,LB,2014,132,1.5
DeAndre Smelter,WR,2015,132,0.3
Willie Henry,IDL,2016,132,0.4
Donnel Pumphrey,RB,2017,132,0.1
Jaleel Scott,WR,2018,132,0.1
Ugochukwu Amadi,CB,2019,132,0.2
Troy Dye,LB,2020,132,0.7
Johnny White,RB,2011,133,0.4
Jerron McMillian,S,2012,133,0.4
Levine Toilolo,TE,2013,133,2.4
Nevin Lawson,CB,2014,133,2.6
Max Garcia,LG,2015,133,1.1
Rashard Robinson,CB,2016,133,0.4
Ryan Switzer,WR,2017,133,0.1
J'Mon Moore,WR,2018,133,0.1
Colby Parkinson,TE,2020,133,2.9
Robert Sands,S,2011,134,0
Greg Childs,WR,2012,134,0
Sanders Commings,CB,2013,134,0
Brent Urban,IDL,2014,134,0.6
Mark Glowinski,RG,2015,134,0.8
Kenneth Dixon,RB,2016,134,0.3
Jamaal Williams,RB,2017,134,1.6
Chase Edmonds,RB,2018,134,2.9
Greg Gaines,IDL,2019,134,1.6
Jaylinn Hawkins,S,2020,134,0.4
Matt Johnson,S,2012,135,0
Denard Robinson,WR,2013,135,0
Marcus Hardison,IDL,2015,135,0.1
John Franklin-Myers,ED,2018,135,0.4
John Cominsky,IDL,2019,135,1.9
Kevin Dotson,RG,2020,135,1
Anthony Sherman,FB,2011,136,1.6
Josh Chapman,IDL,2012,136,0
Earl Wolff,S,2013,136,0.1
Larry Webster,ED,2014,136,0.1
Tray Walker,CB,2015,136,0
Devontae Booker,RB,2016,136,0.5
Sean Harlow,LG,2017,136,0.1
Marquis Haynes,ED,2018,136,1.3
Michael Jordan,LG,2019,136,0.5
Brycen Hopkins,TE,2020,136,0
Buster Skrine,CB,2011,137,4.4
Malik Jackson,IDL,2012,137,9.2
Jesse Williams,IDL,2013,137,0.3
Dakota Dozier,LG,2014,137,0.5
Grady Jarrett,IDL,2015,137,9
Dean Lowry,IDL,2016,137,3.6000000000000005
Zach Banner,LG,2017,137,0.3
Dalton Schultz,TE,2018,137,5.3
Foster Moreau,TE,2019,137,1.8000000000000003
Josiah Scott,CB,2020,137,0.4
Marcus Cannon,RT,2011,138,3.2
Tahir Whitehead,LB,2012,138,2.6
Tharold Simon,CB,2013,138,0.5
Lorenzo Taliaferro,RB,2014,138,0
David Cobb,RB,2015,138,0.1
Seth DeValve,TE,2016,138,0.5
Ryan Glasgow,IDL,2017,138,0.1
Cole Madison,RG,2018,138,0
Shareef Miller,ED,2019,138,0.1
L'Jarius Sneed,CB,2020,138,7.8
Brandon Burton,CB,2011,139,0.5
Robert Blanton,S,2012,139,0.5
Montori Hughes,IDL,2013,139,0.4
Prince Shembo,LB,2014,139,0
Rashad Greene,WR,2015,139,0.4
Jehu Chesson,WR,2017,139,0.3
R.J. McIntosh,IDL,2018,139,0.1
Deionte Thompson,S,2019,139,0.1
Amik Robertson,CB,2020,139,1.8000000000000003
Gabe Miller,TE,2011,140,0.1
Najee Goode,LB,2012,140,0.4
Stepfan Taylor,RB,2013,140,0
Cameron Fleming,LT,2014,140,0.4
Tajae Sharpe,WR,2016,140,0.5
Wayne Gallman,RB,2017,140,0.5
Maurice Hurst,IDL,2018,140,0.6
Ryquell Armstead,RB,2019,140,0.5
Shaquille Quarterman,LB,2020,140,0.4
D.J. Williams,TE,2011,141,0.5
Adam Gettis,RG,2012,141,0.4
Oday Aboushi,RG,2013,141,0.5
Taylor Hart,LT,2014,141,0.4
Martrell Spaight,ED,2015,141,0.4
Zack Sanchez,CB,2016,141,0.1
Chad Hansen,WR,2017,141,0.1
Shaquem Griffin,LB,2018,141,0.4
Zach Gentry,TE,2019,141,0.6
John Reid,CB,2020,141,0.4
Karl Klug,IDL,2011,142,1.3
Brandon Marshall,LB,2012,142,0.5
Lavar Edwards,ED,2013,142,0.5
Ryan Grant,WR,2014,142,4.2
Adrian Amos,S,2015,142,4.8
Ronald Blair,ED,2016,142,1.2
Carlos Watkins,IDL,2017,142,1
D.J. Reed,S,2018,142,0.4
Ben Burr-Kirven,LB,2019,142,0.4
Antonio Gandy-Golden,WR,2020,142,0.4
Josh Thomas,CB,2011,143,0.5
Josh Norman,CB,2012,143,9.7
Jonathan Meeks,S,2013,143,0.4
Kadeem Edwards,RG,2014,143,0.1
MyCole Pruitt,TE,2015,143,0.3
DeAndre Washington,RB,2016,143,0.5
Marlon Mack,RB,2017,143,1.1
Ja'Whaun Bentley,LB,2018,143,1.4
Ryan Connelly,LB,2019,143,0.2
Ben Bredeson,LG,2020,143,1.2
Shiloh Keo,S,2011,144,0.4
Zebrie Sanders,RT,2012,144,0
Kenny Stills,WR,2013,144,4.8
Telvin Smith,LB,2014,144,6.6000000000000005
Mykkele Thompson,S,2015,144,0.1
Connor McGovern,C,2016,144,4.5
Grover Stewart,IDL,2017,144,5.2
Justin Watson,WR,2018,144,0.1
Marvell Tell III,CB,2019,144,0.1
DeeJay Dallas,RB,2020,144,1.1
Jacquizz Rodgers,RB,2011,145,0.5
Taylor Thompson,TE,2012,145,0
Steve Williams,CB,2013,145,0.4
David Yankey,LG,2014,145,0.1
Bobby McCain,S,2015,145,3.8
John Theus,LT,2016,145,0.4
Jake Butt,TE,2017,145,0.5
Bilal Nichols,IDL,2018,145,2.6
Matt Gay,K,2019,145,0.4
Jack Driscoll,RT,2020,145,0.7
DeJon Gomes,S,2011,146,0
DeQuan Menzie,CB,2012,146,0.3
Quanterus Smith,ED,2013,146,0.1
Devin Street,WR,2014,146,0.4
Stefon Diggs,WR,2015,146,8.1
Matt Judon,ED,2016,146,8.5
George Kittle,TE,2017,146,7.6
Tre Flowers,CB,2018,146,0.9000000000000001
Amani Oruwariye,CB,2019,146,0.5
Tyler Biadasz,C,2020,146,3.9
Rod Issac,CB,2011,147,0
Tank Carder,LB,2012,147,0.8
Steven Means,ED,2013,147,0.4
Ricardo Allen,S,2014,147,0.3
Quinton Jefferson,IDL,2016,147,0.3
Jordan Morgan,LG,2017,147,0.1
Micah Kiser,LB,2018,147,0.5
Vosean Joseph,LB,2019,147,0
Khalid Kareem,ED,2020,147,0.4
Denarius Moore,WR,2011,148,0.6
Chris Greenwood,CB,2012,148,0.4
A.J. Klein,LB,2013,148,3
Bene Benwikere,CB,2014,148,0.5
Davis Tull,LB,2015,148,0.1
Caleb Benenoch,RG,2016,148,0.6
Blair Brown,LB,2017,148,0
Marcus Allen,S,2018,148,0.3
Dre Greenlaw,LB,2019,148,3.9
Alton Robinson,ED,2020,148,0
Dion Lewis,RB,2011,149,0.5
Johnnie Troutman,RG,2012,149,0.5
Brandon McGee,CB,2013,149,0.4
Kevin Pamphile,LG,2014,149,0.8
Jay Ajayi,RB,2015,149,0.4
Paul Perkins,RB,2016,149,0.4
Damontae Kazee,S,2017,149,0.6
Michael Dickson,P,2018,149,2
Hunter Renfrow,WR,2019,149,7.6
Danny Pinter,RG,2020,149,0.5
Jason Pinkston,RG,2011,150,0.5
Rokevious Watkins,LG,2012,150,0.1
Terry Hawthorne,CB,2013,150,0
Aaron Lynch,ED,2014,150,2.3
Cedric Thompson,S,2015,150,0.1
Jordan Howard,RB,2016,150,2.5
Jordan Leggett,TE,2017,150,0.3
Genard Avery,LB,2018,150,0.6
Kingsley Keke,IDL,2019,150,0.5
Shane Lemieux,LG,2020,150,0.4
Ahmad Black,S,2011,151,0.4
Senio Kelemete,C,2012,151,0.1
Joseph Randle,RB,2013,151,0
Avery Williamson,LB,2014,151,4.2
David Parry,IDL,2015,151,0.4
Joe Dahl,LG,2016,151,1.2
Desmond King,CB,2017,151,1.6
Davontae Harris,CB,2018,151,0.3
Andrew Van Ginkel,ED,2019,151,1.2
Joe Reed,WR,2020,151,0.1
Danny Coale,WR,2012,152,0.4
Cooper Taylor,S,2013,152,0.4
Nat Berhe,S,2014,152,0.5
Jarvis Harrison,RG,2015,152,0.3
Matt Ioannidis,IDL,2016,152,3.9
Corn Elder,CB,2017,152,0.3
Dane Cruikshank,S,2018,152,0.6
Qadree Ollison,RB,2019,152,0.5
Kenny Robinson,S,2020,152,0.4
Jeremy Kerley,WR,2011,153,2.6
Dennis Kelly,RT,2012,153,0.6
Stansly Maponga,ED,2013,153,0.4
Cyril Richardson,LG,2014,153,0.1
Kyle Emanuel,LB,2015,153,0.5
Wendell Smallwood,RB,2016,153,0.5
Jake Elliott,K,2017,153,0.3
Tyrell Crosby,RT,2018,153,0
Ross Pierschbacher,C,2019,153,0.4
Colton McKivitz,LT,2020,153,0.4
Richard Sherman,CB,2011,154,10.5
Korey Toomer,LB,2012,154,0.1
Chris Thompson,RB,2013,154,0.4
Jeremiah George,LB,2014,154,0.4
Tyeler Davison,IDL,2015,154,0.5
Jordan Payton,WR,2016,154,0
Jeremy Sprinkle,TE,2017,154,0.6
Siran Neal,CB,2018,154,1.4
Jordan Scarlett,RB,2019,154,0.1
Jason Strowbridge,IDL,2020,154,0.1
Niles Paul,TE,2011,155,1.4
Josh Kaddu,LB,2012,155,0.4
Jeff Locke,P,2013,155,1
Arthur Lynch,TE,2014,155,0.1
Karlos Williams,RB,2015,155,0.1
Joe Haeg,RG,2016,155,1.2
Jayon Brown,LB,2017,155,2.5
Scott Quessenberry,C,2018,155,0.6
Mack Wilson,LB,2019,155,0.7
Trevis Gipson,ED,2020,155,0.6
Mark LeGree,S,2011,156,0.1
Shaun Prater,CB,2012,156,0.4
Tanner Hawkinson,LT,2013,156,0.4
Lamin Barrow,LB,2014,156,0.5
Tony Lippett,CB,2015,156,0.4
Jonathan Williams,RB,2016,156,0.4
Brian Hill,RB,2017,156,0.3
Troy Fumagalli,TE,2018,156,0.3
Justin Hollins,ED,2019,156,0.5
Keith Ismael,C,2020,156,0.4
Doug Hogue,LB,2011,157,0
Bradie Ewing,RB,2012,157,0.4
Quinton Dial,IDL,2013,157,2.6
Shaquille Richardson,CB,2014,157,0.1
C.J. Uzomah,TE,2015,157,3.2
LeShaun Sims,CB,2016,157,0.9000000000000001
Will Holden,LT,2017,157,0.1
Tyler Conklin,TE,2018,157,3.2
Blake Cashman,LB,2019,157,0.9000000000000001
Daniel Thomas,S,2020,157,0.8
Jermale Hines,S,2011,158,0.4
Jack Crawford,IDL,2012,158,0.5
Luke Willson,TE,2013,158,1.1
Caraun Reid,IDL,2014,158,0.4
Shaq Riddick,ED,2015,158,0.1
Brandon Shell,RT,2016,158,2.3
Nate Hairston,CB,2017,158,0.5
Andrew Brown,IDL,2018,158,0.1
Michael Jackson Sr.,CB,2019,158,0.3
Bryce Hall,CB,2020,158,0.4
Lee Smith,TE,2011,159,2.1
Chris Rainey,RB,2012,159,0.4
Micah Hyde,S,2013,159,3.7000000000000006
Chris Smith,ED,2014,159,0.4
J.J. Nelson,WR,2015,159,0.5
K.J. Dillon,S,2016,159,0.1
Jermaine Eluemunor,RG,2017,159,0.3
Daurice Fountain,WR,2018,159,0.3
Byron Cowart,IDL,2019,159,0.5
Justin Rohrwasser,K,2020,159,0.1
Ryan Miller,RT,2012,160,0.5
Zac Stacy,RB,2013,160,0
Ed Stinson,IDL,2014,160,0.4
Jesse James,TE,2015,160,3
Kentrell Brothers,LB,2016,160,0
Roderick Johnson,LT,2017,160,0.3
Ogbonnia Okoronkwo,ED,2018,160,1.6
Daylon Mack,IDL,2019,160,0.3
Nick Harris,C,2020,160,1
Julian Vandervelde,C,2011,161,0.5
Randy Bullock,K,2012,161,0.4
Tavarres King,WR,2013,161,0.4
Corey Linsley,C,2014,161,5.1
Neiron Ball,LB,2015,161,0
Christian Westerman,LG,2016,161,0
Anthony Walker Jr.,LB,2017,161,1.6
"Jermaine Carter, Jr.",LB,2018,161,0.9000000000000001
Charles Omenihu,ED,2019,161,3.6000000000000005
Tyler Johnson,WR,2020,161,0.1
Chris Carter,ED,2011,162,0.5
Corey White,CB,2012,162,0.5
Brandon Jenkins,LB,2013,162,0
Ed Reynolds,S,2014,162,0.1
Kenny Bell,WR,2015,162,0.1
Jeremy McNichols,RB,2017,162,0.3
Jordan Lasley,WR,2018,162,0.3
Cameron Smith,LB,2019,162,0.3
Khaleke Hudson,LB,2020,162,0.4
Daniel Kilgore,C,2011,163,1.4
Terrell Manning,LB,2012,163,0.1
Jordan Mills,RT,2013,163,0.4
Ryan Russell,ED,2015,163,0.4
Trevor Davis,WR,2016,163,0.5
Matt Milano,LB,2017,163,5.7
Tim Settle,IDL,2018,163,2.2
Jake Bailey,P,2019,163,1.5
Kindle Vildor,CB,2020,163,0.4
Chykie Brown,CB,2011,164,0.6
Jonathan Massaquoi,LB,2012,164,0.5
Mike Gillislee,RB,2013,164,0.4
Lorenzo Doss,CB,2015,164,0.1
Halapoulivaati Vaitai,RG,2016,164,4.5
Isaac Asiata,RG,2017,164,0.3
Natrell Jamerson,S,2018,164,0.4
E.J. Speed,LB,2019,164,1.8000000000000003
Curtis Weaver,ED,2020,164,0.1
Pernell McPhee,ED,2011,165,5.4
Darius Fleming,LB,2012,165,0.4
Sam Martin,P,2013,165,2.2
Ryan Carrethers,IDL,2014,165,0.4
Bradley Pinion,P,2015,165,1.5
Tyreek Hill,WR,2016,165,9.6
Jamal Agnew,WR,2017,165,2.6
Jaylen Samuels,RB,2018,165,0.1
Joe Jackson,ED,2019,165,0.5
Collin Johnson,WR,2020,165,0.4
Lawrence Wilson,LB,2011,166,0.1
Marvin Jones,WR,2012,166,5.2
Caleb Sturgis,K,2013,166,0.4
Jonathan Newsome,ED,2014,166,0
Joe Cardona,LS,2015,166,0.6
D.J. Reader,IDL,2016,166,6.7
Shelton Gibson,WR,2017,166,0.3
Wyatt Teller,RG,2018,166,7.8
Quintez Cephus,WR,2020,166,0.4
Ryan Whalen,WR,2011,167,0.5
George Iloka,S,2012,167,3.9
Josh Boyd,IDL,2013,167,0.4
Vinnie Sunseri,S,2014,167,0.4
Damian Swann,CB,2015,167,0
Marqui Christian,S,2016,167,0.5
Avery Moss,ED,2017,167,0.1
Daniel Carlson,K,2018,167,0.3
DeMarcus Love,RT,2011,168,0.4
Juron Criner,WR,2012,168,0.1
Ricky Wagner,RT,2013,168,5.7
Marquis Spruill,LB,2014,168,0
Michael Burton,FB,2015,168,0.4
Spencer Drango,RG,2016,168,0.1
Marquel Lee,LB,2017,168,0.6
Jamarco Jones,LT,2018,168,1.2
D'Andre Walker,LB,2019,168,0
John Hightower,WR,2020,168,0.1
Chris White,LB,2011,169,0.5
Asa Jackson,CB,2012,169,0.5
Joshua Evans,S,2013,169,0.5
Ronald Powell,LB,2014,169,0.1
David Mayo,LB,2015,169,0.7
Antwione Williams,LB,2016,169,0.3
Treston Decoud,CB,2017,169,0.3
Jordan Wilkins,RB,2018,169,0.1
David Edwards,LG,2019,169,0.8
Harrison Hand,CB,2020,169,0.5
Mistral Raymond,S,2011,170,0
Vick Ballard,RB,2012,170,0.3
Eric Kush,C,2013,170,0.4
Keith Reaser,CB,2014,170,0.4
Tye Smith,CB,2015,170,0.1
Cole Toner,RG,2016,170,0.1
Rodney Adams,WR,2017,170,0.3
Darius Phillips,CB,2018,170,0.7
Austin Seibert,K,2019,170,0.2
Broderick Washington,IDL,2020,170,2.3
Quan Sturdivant,LB,2011,171,0.1
Greg Zuerlein,K,2012,171,1.3
Corey Fuller,WR,2013,171,0.1
Jordan Tripp,LB,2014,171,0.4
Nick Boyle,TE,2015,171,3.2
Alex Collins,RB,2016,171,0.3
Darius Slayton,WR,2019,171,0.5
Isaiah Coulter,WR,2020,171,0.4
Brandon Fusco,RG,2011,172,3.6000000000000005
Jeremy Lane,CB,2012,172,3.7000000000000006
Nick Kasa,TE,2013,172,0.3
Jimmy Staten,IDL,2014,172,0.1
D.J. Alexander,LB,2015,172,0.4
Rashard Higgins,WR,2016,172,0.4
Isaiah McKenzie,WR,2017,172,0.3
J.K. Scott,P,2018,172,0.5
Jordan Miller,CB,2019,172,0.1
Jason Huntley,RB,2020,172,0.5
Byron Maxwell,CB,2011,173,7.3
Alfred Morris,RB,2012,173,1.1
Vinston Painter,LT,2013,173,0.1
Wesley Johnson,C,2014,173,0.4
James O'Shaughnessy,TE,2015,173,0.6
Trey Caldwell,CB,2016,173,0.3
Brian Allen,CB,2017,173,0.3
Johnny Townsend,P,2018,173,0.3
Cole Holcomb,LB,2019,173,2.7
Darnell Mooney,WR,2020,173,5.1
Charles Clay,TE,2011,174,5.3
Keith Tandy,S,2012,174,0.6
Ryan Swope,WR,2013,174,0
Devon Kennard,LB,2014,174,3.2
Cameron Artis-Payne,RB,2015,174,0.5
Fahn Cooper,RT,2016,174,0
Eric Saubert,TE,2017,174,0.4
Marquez Valdes-Scantling,WR,2018,174,4.8
KeeSean Johnson,WR,2019,174,0.1
Larrell Murchison,IDL,2020,174,0.2
Byron Stingily,RT,2011,175,0.5
Blair Walsh,K,2012,175,2.3
Jamoris Slaughter,S,2013,175,0.1
John Urschel,LG,2014,175,0
Keith Mumphery,WR,2015,175,0
Jatavis Brown,LB,2016,175,0.5
DeAngelo Yancey,WR,2017,175,0.1
Damion Ratley,WR,2018,175,0.4
Sutton Smith,ED,2019,175,0.1
Kamal Martin,LB,2020,175,0.5
Dwayne Harris,WR,2011,176,0.4
Mike Harris,CB,2012,176,0.5
David Quessenberry,RG,2013,176,0.3
Jared Abbrederis,WR,2014,176,0.4
Robert Myers,LG,2015,176,0.3
Andy Janovich,FB,2016,176,1
J.J. Dielman,C,2017,176,0.4
John Kelly,RB,2018,176,0.4
Kaden Smith,TE,2019,176,0.4
K.J. Osborn,WR,2020,176,1.6
Evan Royster,RB,2011,177,0.4
Justin Bethel,CB,2012,177,3.5000000000000004
Dustin Hopkins,K,2013,177,0.1
Jeoffrey Pagan,IDL,2014,177,0
Deiontrez Mount,ED,2015,177,0.4
Temarrick Hemingway,TE,2016,177,0.3
Trent Taylor,WR,2017,177,0.5
Duke Ejiofor,IDL,2018,177,0.4
Saquan Hampton,S,2019,177,0.4
Mike Danna,ED,2020,177,3.1
Aldrick Robinson,WR,2011,178,0.3
Mark Asper,RG,2012,178,0.5
William Campbell,RG,2013,178,0.5
Matthew Wells,LB,2015,178,0.3
D.J. White,CB,2016,178,0.1
Davon Godchaux,IDL,2017,178,4.1
Christian Sam,LB,2018,178,0.1
Justin Strnad,LB,2020,178,0.5
Caleb Schlauderaff,RG,2011,179,0.4
Andrew Tiller,RG,2012,179,0.1
Tourek Williams,ED,2013,179,0.5
Jon Halapio,C,2014,179,0.4
Max Valles,ED,2015,179,0.4
Drew Kaser,P,2016,179,0.4
T.J. Logan,RB,2017,179,0
Parry Nickerson,CB,2018,179,0.3
Lamont Gaillard,C,2019,179,0.1
Bradlee Anae,ED,2020,179,0.1
Trenton Robinson,S,2012,180,0.4
Nick Moody,ED,2013,180,0.4
Kenneth Acker,CB,2014,180,0.4
Michael Bennett,IDL,2015,180,0.3
Moritz Boehringer,WR,2016,180,0.3
Danny Isidora,RG,2017,180,0.4
Folorunso Fatukasi,IDL,2018,180,4.8
Corey Ballentine,CB,2019,180,0.1
Hakeem Adeniji,LT,2020,180,0.4
Richard Gordon,TE,2011,181,0.5
Winston Guy,S,2012,181,0.2
Latavius Murray,RB,2013,181,3
Alfred Blue,RB,2014,181,0.5
Kyshoen Jarrett,S,2015,181,0
Tyrone Holmes,IDL,2016,181,0.1
Dylan Donahue,ED,2017,181,0
Kylie Fitts,ED,2018,181,0.3
Jaquan Johnson,S,2019,181,0.5
Netane Muti,RG,2020,181,0.4
Ronald Johnson,WR,2011,182,0.4
Cyrus Gray,RB,2012,182,0.4
Kenjon Barner,RB,2013,182,0.1
Antone Exum,S,2014,182,0.4
Tevin Mitchel,CB,2015,182,0.1
Keenan Reynolds,WR,2016,182,0.1
Aaron Jones,RB,2017,182,6.6000000000000005
Christian Campbell,CB,2018,182,0.1
Trayveon Williams,RB,2019,182,0.5
Michael Onwenu,RT,2020,182,7.400000000000001
Jordan Todman,RB,2011,183,0.4
B.J. Cunningham,WR,2012,183,0.1
Rufus Johnson,ED,2013,183,0.1
Tayo Fabuluje,RT,2015,183,0.4
Devante Bond,LB,2016,183,0.3
Ukeme Eligwe,LB,2017,183,0.3
Sam Jones,LG,2018,183,0.1
Justin Skule,LT,2019,183,0.2
Cam Brown,LB,2020,183,0.5
David Carter,IDL,2011,184,0.5
Isaiah Frey,CB,2012,184,0.1
Mychal Rivera,TE,2013,184,1.1
Kendall James,CB,2014,184,0.1
Kaelin Clay,WR,2015,184,0.3
Jerell Adams,TE,2016,184,0.1
Nate Gerry,LB,2017,184,0.4
Marcell Harris,S,2018,184,0.3
Travis Fulgham,WR,2019,184,0.3
Bravvion Roy,IDL,2020,184,0.1
Greg Jones,LB,2011,185,0.4
DeVonte Holloman,LB,2013,185,0
Robert Herron,WR,2014,185,0.1
Tyrus Thompson,LT,2015,185,0.1
DeAndre Houston-Carson,S,2016,185,0.4
Caleb Brantley,IDL,2017,185,0.3
Deon Cain,WR,2018,185,0.3
Ka'dar Hollman,CB,2019,185,0.1
Blake Ferguson,LS,2020,185,0.6
D.J. Smith,LB,2011,186,0.5
James Hanna,TE,2012,186,1.8000000000000003
Justin Brown,WR,2013,186,0.1
Lache Seastrunk,RB,2014,186,0.1
Geremy Davis,WR,2015,186,0.3
Jakeem Grant,WR,2016,186,2.6
Chuck Clark,S,2017,186,2.6
Jacob Martin,LB,2018,186,0.4
Ty Johnson,RB,2019,186,0.5
Alohi Gilman,S,2020,186,2
Allen Bradford,LB,2011,187,0.1
Josh Bush,S,2012,187,0.5
Andre Ellington,RB,2013,187,0.5
Bennett Jackson,CB,2014,187,0.1
Evan Spencer,WR,2015,187,0.3
Michael Tyson,S,2017,187,0.3
Ray-Ray McCloud,WR,2018,187,0.1
Juwann Winfree,WR,2019,187,0.1
Donovan Peoples-Jones,WR,2020,187,0.5
Chris Rucker,CB,2011,188,0
Danny Trevathan,LB,2012,188,4.5
Cornelius Washington,IDL,2013,188,1.7000000000000002
E.J. Gaines,CB,2014,188,2.3
Tony Steward,LB,2015,188,0.3
David Morgan,TE,2016,188,0
Elijah McGuire,RB,2017,188,0.3
Simeon Thomas,CB,2018,188,0.1
David Long Jr.,LB,2019,188,2.2
Tyler Bass,K,2020,188,2.3
Mike Mohamed,LB,2011,189,0.4
Christo Bilukidi,IDL,2012,189,0.4
Mike James,RB,2013,189,0.4
T.J. Jones,WR,2014,189,0.4
Charles Gaines,CB,2015,189,0.1
Anthony Brown,CB,2016,189,2.6
Tanzel Smart,IDL,2017,189,0.5
Kamrin Moore,CB,2018,189,0
Drew Forbes,LG,2019,189,0.6
Colin Jones,S,2011,190,0.4
Markelle Martin,S,2012,190,0
Rex Burkhead,RB,2013,190,1.9
Matt Hazel,WR,2014,190,0.3
Ian Silberman,RT,2015,190,0.1
Josh Forrest,LB,2016,190,0.3
Sam Tevi,LT,2017,190,1.4
DeShon Elliott,S,2018,190,0.5
Armon Watts,IDL,2019,190,0.5
Charlie Woerner,TE,2020,190,1.6
Jason Kelce,C,2011,191,4.7
Dan Herron,RB,2012,191,0.4
Bacarri Rambo,S,2013,191,0.4
Pat O'Donnell,P,2014,191,0.8
JaCorey Shepherd,CB,2015,191,0.3
Xavier Woods,S,2017,191,1
Dylan Cantrell,WR,2018,191,0.3
Marcus Epps,S,2019,191,2.7
Braden Mann,P,2020,191,0.4
Matt Bosher,P,2011,192,2.2
Charles Mitchell,S,2012,192,0.4
John Boyett,S,2013,192,0.1
Jordan Zumwalt,LB,2014,192,0
Darius Philon,IDL,2015,192,2.7
Kolby Listenbee,WR,2016,192,0.1
Alex Armah,FB,2017,192,0.4
Jamil Demby,LG,2018,192,0.3
Isaiah Buggs,IDL,2019,192,0.1
"Jon Runyan, Jr.",LG,2020,192,3.9
Brian Rolle,LB,2011,193,0.5
Tom Compton,RT,2012,193,0.4
Nate Palmer,LB,2013,193,0.7
Zach Fulton,LG,2014,193,4
B.J. Dubose,ED,2015,193,0.1
Sebastian Tretola,RG,2016,193,0
Jordan Evans,LB,2017,193,0.6
Chris Covington,LB,2018,193,0.4
Olisaemeka Udoh,RT,2019,193,1.1
Robert Windsor,IDL,2020,193,0.1
Markell Carter,LB,2011,194,0.1
Marvin McNutt,WR,2012,194,0.4
Spencer Ware,RB,2013,194,0.4
Nick O'Leary,TE,2015,194,0
Cory James,LB,2016,194,0
Vincent Taylor,IDL,2017,194,0.4
Russell Gage,WR,2018,194,4.8
Dexter Williams,RB,2019,194,0.1
Khalil Davis,IDL,2020,194,0.1
J.T. Thomas,LB,2011,195,2.3
Nick Mondek,LT,2012,195,0.1
Alan Bonner,WR,2013,195,0.1
Brandon Dixon,CB,2014,195,0.3
Malcolm Johnson,TE,2015,195,0.1
Wes Schweitzer,RG,2016,195,2.3
Tanner Vallejo,LB,2017,195,0.4
Sebastian Joseph-Day,IDL,2018,195,3.8
Xavier Crawford,CB,2019,195,0.1
Justin Herron,RT,2020,195,0.4
Keith Williams,LG,2011,196,0.1
Jonte Green,CB,2012,196,0.4
Jeff Baca,RG,2013,196,0.5
Walt Powell,WR,2014,196,0.4
Randall Evans,CB,2015,196,0.1
Blake Countess,S,2016,196,1.1
Al-Quadin Muhammad,ED,2017,196,0.4
Tremon Smith,CB,2018,196,0.3
Blessuan Austin,CB,2019,196,0.5
Shaun Bradley,LB,2020,196,0.2
Ricky Elmore,LB,2011,197,0.4
Nate Ebner,S,2012,197,0.8
Cobi Hamilton,WR,2013,197,0.1
Demetri Goodson,CB,2014,197,0.4
Derron Smith,S,2015,197,0.4
Dan Vitale,FB,2016,197,0.4
Jeremy Clark,CB,2017,197,0.3
Shaun Dion Hamilton,LB,2018,197,0.5
John Penisini,IDL,2020,197,0.4
Tyler Sash,S,2011,198,0
Tommy Streeter,WR,2012,198,0.1
Chris Jones,IDL,2013,198,0.6
Zach Moore,ED,2014,198,0.4
Randall Telfer,TE,2015,198,0
Derek Watt,FB,2016,198,1.6
D.J. Jones,IDL,2017,198,1.9
Kahlil McKenzie,RG,2018,198,0.1
Tim Harris,CB,2019,198,0.1
Antoine Brooks,S,2020,198,0.4
Jerrell Powe,IDL,2011,199,0.5
Jason Slowey,LT,2012,199,0.1
Theo Riddick,RB,2013,199,2.5
Garrett Scott,RT,2014,199,0.4
Leterrius Walton,IDL,2015,199,0.4
Cody Core,WR,2016,199,1
Chase Roullier,C,2017,199,5.1
Gerri Green,ED,2019,199,0.3
Jordan Fuller,S,2020,199,1.3
Ross Homan,LB,2011,200,0.1
Brandon Washington,LB,2012,200,0.1
Kapron Lewis-Moore,IDL,2013,200,0.1
Laurent Duvernay-Tardif,RG,2014,200,4.9
Quandre Diggs,S,2015,200,3.5000000000000004
Kyle Murphy,LT,2016,200,0.1
Adam Bisnowaty,LT,2017,200,0.3
Foyesade Oluokun,LB,2018,200,7.200000000000001
Emeke Egbule,ED,2019,200,0.1
Quez Watkins,WR,2020,200,0.5
Stephen Schilling,RG,2011,201,0.4
Matt McCants,RT,2012,201,0.1
Ryan Griffin,TE,2013,201,1.8000000000000003
Marion Grice,RB,2014,201,0.3
Bud Sasser,WR,2015,201,0
Bucky Hodges,TE,2017,201,0.1
Boston Scott,RB,2018,201,0.3
Rashad Fenton,CB,2019,201,0.5
James Proche,WR,2020,201,0.4
Jacquian Williams,LB,2011,202,0
Terrance Ganaway,RB,2012,202,0
Khalid Wooten,CB,2013,202,0.4
Tavon Rooks,LT,2014,202,0.1
A.J. Derby,TE,2015,202,0.4
Anthony Zettel,ED,2016,202,0.4
Pita Taumoepenu,ED,2017,202,0.3
Jack Cichy,LB,2018,202,0.4
Isaiah Prince,RT,2019,202,0.4
Evan Weaver,LB,2020,202,0.1
Zack Williams,RG,2011,203,0.4
Robert T Griffin,LG,2012,203,0.1
Ryan Jensen,C,2013,203,0.4
Andrew Jackson,LB,2014,203,0.3
Darius Kilgo,IDL,2015,203,0.1
Dadi Nicolas,ED,2016,203,0.4
De'Angelo Henderson,RB,2017,203,0.3
Marcus Green,WR,2019,203,0.1
Blake Brandel,LT,2020,203,0.1
Virgil Green,TE,2011,204,2
Emmanuel Acho,LB,2012,204,0.4
Braden Wilson,FB,2013,204,0
Tyler Gaffney,RB,2014,204,0.3
Darren Waller,TE,2015,204,0.4
Jordan Lucas,CB,2016,204,0.3
Derrick Jones,CB,2017,204,0.3
Trenton Cannon,RB,2018,204,0.5
Travis Homer,RB,2019,204,0.9000000000000001
Cassh Maluia,LB,2020,204,0.4
Lazarius Levingston,ED,2011,205,0.4
Billy Winn,IDL,2012,205,0.6
Stacy McGee,IDL,2013,205,3
Luke Bowanko,C,2014,205,0.5
Josh Robinson,RB,2015,205,0
Harlan Miller,CB,2016,205,0.3
Jeremiah Ledbetter,IDL,2017,205,0.3
Trevon Young,ED,2018,205,0.3
Duke Shelley,CB,2019,205,0.5
Josh Metellus,S,2020,205,0.4
Justin Rogers,CB,2011,206,0.5
LaVon Brazill,WR,2012,206,0
Vince Williams,LB,2013,206,1.8000000000000003
Jemea Thomas,CB,2014,206,0.4
Aaron Ripkowski,FB,2015,206,0.4
Mike Thomas,WR,2016,206,0.4
Sam Rogers,FB,2017,206,0.1
Matt Pryor,LT,2018,206,2.7
Kelvin Harmon,WR,2019,206,0.1
Tyler Davis,TE,2020,206,0.5
Korey Lindsey,CB,2011,207,0.1
Brad Nortman,P,2012,207,1.4
Mike Catapano,IDL,2013,207,0.4
Matt Paradis,C,2014,207,0.1
Amarlo Herrera,LB,2015,207,0
Brandon Wilson,S,2017,207,0.3
Equanimeous St. Brown,WR,2018,207,0.5
Ulysees Gilbert III,LB,2019,207,0.5
Isaiah Hodgins,WR,2020,207,0.1
Justin Anderson,LG,2012,208,0.1
Jeremy Harris,CB,2013,208,0.4
Eric Pinkins,S,2014,208,0.3
Andy Gallik,C,2015,208,0
Kamu Grugier-Hill,LB,2016,208,1.5
Rudy Ford,CB,2017,208,1.2
Cedrick Wilson Jr.,WR,2018,208,0.3
Scott Miller,WR,2019,208,0.5
Jake Hanson,C,2020,208,0.1
Johnny Culbreath,RT,2011,209,0.4
Aaron Brown,LB,2012,209,0.1
Brice Butler,WR,2013,209,0.7
Quincy Enunwa,WR,2014,209,0.4
Obum Gwacham,LB,2015,209,0
Maurice Canady,CB,2016,209,0.4
Robert Davis,WR,2017,209,0.3
Cornell Armstrong,CB,2018,209,0.3
Demarcus Christmas,IDL,2019,209,0.1
Simon Stepaniak,RG,2020,209,0
Andrew Jackson,LG,2011,210,0.1
Audie Cole,LB,2012,210,0.5
Demetrius McCray,CB,2013,210,0.4
IK Enemkpali,ED,2014,210,0.4
Christian Ringo,IDL,2015,210,0.3
Jimmy Landes,LS,2016,210,0
Justin Senior,RT,2017,210,0.3
Braxton Berrios,WR,2018,210,0.4
Deshaun Davis,LB,2019,210,0.1
Prince Tega Wanogho,RT,2020,210,0.1
Bruce Miller,FB,2011,211,1.4
Scott Solomon,IDL,2012,211,0.5
Michael Williams,TE,2013,211,0.1
Jay Prosch,FB,2014,211,1.1
Reshard Cliett,LB,2015,211,0.3
Kelvin Taylor,RB,2016,211,0.3
Conor McDermott,RT,2017,211,0.4
Jordan Thomas,TE,2018,211,0.4
Rodney Anderson,RB,2019,211,0
Isaiah Rodgers,CB,2020,211,0.4
Zach Clayton,IDL,2011,212,0.1
Michael Smith,RB,2012,212,0.4
Joe Kruger,ED,2013,212,0.1
Marquis Flowers,LB,2014,212,1
Anthony Chickillo,ED,2015,212,1.1
Kavon Frazier,S,2016,212,0.5
Kofi Amichia,C,2017,212,0.1
Greg Senat,LT,2018,212,0.3
Dennis Daley,RG,2019,212,0.8
Dezmon Patmon,WR,2020,212,0.1
Brandyn Thompson,CB,2011,213,0.4
Richard Crawford,CB,2012,213,0.4
Michael Mauti,LB,2013,213,0.5
Kennard Backman,TE,2015,213,0
Aaron Burbridge,WR,2016,213,0.1
Colin Holba,LS,2017,213,0.3
Colby Gossett,RG,2018,213,0.3
Donovan Wilson,S,2019,213,3.1
Jordan Glasgow,LB,2020,213,0
Derek Newton,RT,2011,214,3.7000000000000006
Tim Fugger,ED,2012,214,0.1
Travis Bond,LG,2013,214,0.4
Kristjan Sokoli,IDL,2015,214,0.3
Elandon Roberts,LB,2016,214,1
Elijah Qualls,IDL,2017,214,0.1
Peter Kalambayi,ED,2018,214,0.5
Darwin Thompson,RB,2019,214,0.1
Freddie Swain,WR,2020,214,0.5
D'Aundre Reed,ED,2011,215,0.1
Kheeston Randall,IDL,2012,215,0.4
Tommy Bohanon,FB,2013,215,0.4
Daniel McCullers,IDL,2014,215,0.5
Cody Wichmann,RG,2015,215,0.1
Joey Hunt,C,2016,215,0.3
Bradley Bozeman,C,2018,215,1.3
Terry Beckner Jr.,IDL,2019,215,0.1
Markus Bailey,LB,2020,215,0.4
Mikail Baker,CB,2011,216,0.3
D.J. Campbell,S,2012,216,0.4
Charles Johnson,WR,2013,216,0.4
Andre Hal,S,2014,216,3
Christian Covington,IDL,2015,216,0.9000000000000001
Darius Jackson,RB,2016,216,0.4
Marquez White,CB,2017,216,0.1
Azeem Victor,LB,2018,216,0.3
Nick Allegretti,C,2019,216,1.1
Kamren Curl,S,2020,216,1.8000000000000003
Maurice Hurt,LG,2011,217,0.4
Jordan Bernstine,S,2012,217,0
Armonty Bryant,ED,2013,217,0.5
Ted Bolser,TE,2014,217,0.1
Rakeem Nunez-Roches,IDL,2015,217,1.1
Rico Gathers,TE,2016,217,0.3
Corey Levin,C,2017,217,0.4
Keishawn Bierria,LB,2018,217,0.3
Kris Boyd,CB,2019,217,0.5
Jauan Jennings,WR,2020,217,0.1
Ryan Taylor,TE,2011,218,0.5
Jerome Long,IDL,2012,218,0.3
Jordan Poyer,S,2013,218,1.9
Michael Campanaro,WR,2014,218,0.4
Anthony Morris,LT,2015,218,0
Kevon Seymour,CB,2016,218,0.4
Leon McQuay III,S,2017,218,0.3
Ade Aruna,ED,2018,218,0.1
Mike Weber,RB,2019,218,0.1
Carter Coughlin,LB,2020,218,0.5
Malcolm Williams,CB,2011,219,0.4
Trevor Guyton,ED,2012,219,0
D.C. Jefferson,TE,2013,219,0.1
T.J. Carrie,CB,2014,219,4.4
Hayes Pullard,LB,2015,219,0.4
Will Parks,S,2016,219,0.8
Stacy Coley,WR,2017,219,0.4
Derwin Gray,RG,2019,219,0.1
Geno Stone,S,2020,219,0.3
Shaun Chapas,RB,2011,220,0.4
Greg McCoy,CB,2012,220,0.1
Ryan Seymour,LT,2013,220,0.1
Shamar Stephen,IDL,2014,220,1.2
Neal Sterling,WR,2015,220,0.4
Travis Feeney,LB,2016,220,0
Ifeadi Odenigbo,ED,2017,220,0.1
Cullen Gillaspia,FB,2019,220,0.5
K.J. Hill,WR,2020,220,0.1
Da'Rel Scott,RB,2011,221,0.5
Nate Potter,LT,2012,221,0
Randell Johnson,LB,2014,221,0.4
Andre Debose,WR,2015,221,0
Ted Karras,C,2016,221,0.4
Shalom Luani,S,2017,221,0.3
Matthew Adams,LB,2018,221,0.6
Donnie Lewis Jr.,CB,2019,221,0.1
Stantley Thomas-Oliver,CB,2020,221,0.1
Anthony Gaitor,CB,2011,222,0.4
Caleb McSurdy,LB,2012,222,0.1
Chris Gragg,TE,2013,222,0.4
Storm Johnson,RB,2014,222,0.4
Austin Reiter,C,2015,222,1.3
Aaron Wallace,ED,2016,222,0.4
Jalen Myrick,CB,2017,222,0.1
Jermaine Kelly,CB,2018,222,0.1
Kerrith Whyte,RB,2019,222,0.3
Eno Benjamin,RB,2020,222,0
Shane Bannon,RB,2011,223,0.1
Travis Lewis,LB,2012,223,0.5
Nicholas Williams,IDL,2013,223,0.3
Brandon Watts,LB,2014,223,0.4
Deon Simon,IDL,2015,223,0.4
Stevie Tu'ikolovatu,IDL,2017,223,0.3
Jullian Taylor,ED,2018,223,0.5
Jordan Brown,CB,2019,223,0.1
Chris Claybrooks,CB,2020,223,0
Markus White,ED,2011,224,0.4
Alfonzo Dennard,CB,2012,224,0
Kevin Dorsey,WR,2013,224,0.3
Beau Allen,IDL,2014,224,2.8
Bryce Hager,LB,2015,224,0.4
Donavon Clark,RG,2016,224,0
Zane Gonzalez,K,2017,224,0.3
Javon Wims,WR,2018,224,0.1
Isaac Nauta,TE,2019,224,0.3
Anthony Allen,RB,2011,225,0.4
J.R. Sweezy,RG,2012,225,4.2
Eric Herman,LG,2013,225,0.4
Jabari Price,CB,2014,225,0
Jake Rodgers,RT,2015,225,0.1
Devin Lucien,WR,2016,225,0.1
Isaac Rochell,IDL,2017,225,0.1
Devante Downs,LB,2018,225,0.4
Darryl Johnson Jr.,ED,2019,225,0.5
Kenny Willekes,ED,2020,225,0.4
Greg Romeus,ED,2011,226,0
David Molk,C,2012,226,0.4
Michael Buchanan,ED,2013,226,0.4
Mitchell Van Dyk,RT,2014,226,0.4
Bobby Hart,RT,2015,226,0.6
Jonathan Woodard,ED,2016,226,0.1
David Moore,WR,2017,226,0.3
David Williams,RB,2018,226,0.3
Ty Summers,LB,2019,226,0.5
Arlington Hambright,LG,2020,226,0.1
Scotty McKnight,WR,2011,227,0.1
Rishard Matthews,WR,2012,227,3.2
Garrett Gilkey,RG,2013,227,0.4
Kiero Small,FB,2014,227,0.3
Martin Ifedi,ED,2015,227,0
Stephen Weatherly,ED,2016,227,0.1
Josh Carraway,ED,2017,227,0.4
Quentin Poling,LB,2018,227,0.1
Jimmy Moreland,CB,2019,227,0.5
Lachavious Simmons,RG,2020,227,0.4
Jabara Williams,LB,2011,228,0.1
Jeris Pendleton,IDL,2012,228,0.4
Jawan Jamison,RB,2013,228,0.4
Zach Hocker,K,2014,228,0.3
Austin Shepherd,LG,2015,228,0
Riley Dixon,P,2016,228,1.5
Joey Ivie,IDL,2017,228,0.1
Marcell Ateman,WR,2018,228,0.3
Tommy Sweeney,TE,2019,228,0.5
Sterling Hofrichter,P,2020,228,0.1
Jonathan Nelson,CB,2011,229,0.3
Bryce Brown,RB,2012,229,0.4
Everett Dawkins,IDL,2013,229,0.4
Nate Freese,K,2014,229,0
Ben Koyack,TE,2015,229,0.4
DeMarcus Ayers,WR,2016,229,0.1
Adrian Colbert,S,2017,229,0.3
Jason Sanders,K,2018,229,2.4
P.J. Johnson,IDL,2019,229,0.1
James Smith-Williams,ED,2020,229,0.5
Cliff Matthews,IDL,2011,230,0.5
Nathan Stupar,LB,2012,230,0.1
Kerwynn Williams,RB,2013,230,0.4
Rob Blanchflower,TE,2014,230,0.1
Marcus Murphy,RB,2015,230,0.4
Daniel Braverman,WR,2016,230,0.3
Josh Harvey-Clemons,LB,2017,230,0.5
Leon Jacobs,LB,2018,230,0
Quinton Bell,ED,2019,230,0.1
Dustin Woodard,C,2020,230,0
Frank Kearse,IDL,2011,231,0.1
Toney Clemons,WR,2012,231,0.4
Ty Powell,LB,2013,231,0.4
Ben Gardner,ED,2014,231,0.1
Joey Iosefa,FB,2015,231,0
Thomas Duarte,TE,2016,231,0.3
Jylan Ware,LT,2017,231,0.1
Travin Howard,LB,2018,231,0.1
Alize Mack,TE,2019,231,0.1
Baron Batch,RB,2011,232,0.4
Greg Scruggs,IDL,2012,232,0.4
Sam Barrington,LB,2013,232,0.4
Ulrick John,RT,2014,232,0.3
Edmond Robinson,LB,2015,232,0.4
Steven Daniels,LB,2016,232,0.4
Elijah Lee,LB,2017,232,0.3
James Looney,IDL,2018,232,0.3
George Asafo-Adjei,RT,2019,232,0
Carlos Davis,IDL,2020,232,0.1
Lawrence Guy,IDL,2011,233,0.4
Drake Dunsmore,TE,2012,233,0.4
David Bass,ED,2013,233,0.4
Trevor Reilly,LB,2014,233,0.4
Da'Ron Brown,WR,2015,233,0
Jalen Mills,S,2016,233,2
Harrison Butker,K,2017,233,0.3
Jordan Mailata,LT,2018,233,8.8
Chandler Cox,FB,2019,233,0
Casey Toohill,ED,2020,233,0.5
Andrew Gachkar,LB,2011,234,1.2
Marcel Jones,RT,2012,234,0.4
Terrence Fede,ED,2014,234,0.5
Dezmin Lewis,WR,2015,234,0
Vadal Alexander,RT,2016,234,0
Ejuan Price,ED,2017,234,0.3
Andre Smith,LB,2018,234,0.4
Myles Gaskin,RB,2019,234,0.5
Clay Johnston,LB,2020,234,0.1
Jimmy Wilson,CB,2011,235,1.5
Jeremy Ebert,WR,2012,235,0.1
Steve Beauharnais,LB,2013,235,0.4
Shelby Harris,ED,2014,235,0.3
Kenny Hilliard,RB,2015,235,0.3
Lachlan Edwards,P,2016,235,0.5
Joshua Holsey,CB,2017,235,0.3
Zaire Franklin,LB,2018,235,1.6
Dontavius Russell,IDL,2019,235,0
Jashon Cornell,IDL,2020,235,0
Stephen Burton,WR,2011,236,0.4
DeAngelo Tyson,IDL,2012,236,0.4
Marquess Wilson,WR,2013,236,0.5
Jeff Janis,WR,2014,236,0.7
Mark Nzeocha,LB,2015,236,0.4
Dwayne Washington,RB,2016,236,0.4
Brad Seaton,RT,2017,236,0.1
Bo Scarbrough,RB,2018,236,0.3
John Ursua,WR,2019,236,0.1
Vernon Scott,S,2020,236,0.4
Greg Lloyd,LB,2011,237,0.4
Cam Johnson,ED,2012,237,0.3
Seantrel Henderson,RT,2014,237,0.7
Brian Mihalik,RT,2015,237,0.3
Daniel Lasco,RB,2016,237,0.4
Isaiah Ford,WR,2017,237,0.3
Nick Bawden,FB,2018,237,0.4
Terry Godwin,WR,2019,237,0.1
Thakarius Keyes,CB,2020,237,0.1
Daniel Hardy,TE,2011,238,0.1
Junior Hemingway,WR,2012,238,0.4
Aaron Mellette,WR,2013,238,0
Will Smith,LB,2014,238,0.1
Mario Alford,WR,2015,238,0.1
Devin Fuller,WR,2016,238,0
Devante Mays,RB,2017,238,0.1
Zach Sieler,IDL,2018,238,0.3
Stephen Denmark,CB,2019,238,0.1
T.J. Brunson,LB,2020,238,0
Mike Person,LG,2011,239,0.4
Markus Kuhn,IDL,2012,239,0.8
David King,ED,2013,239,0.1
James Wright,WR,2014,239,0.4
Gerod Holliman,S,2015,239,0
Trevor Bates,LB,2016,239,0.1
Noah Brown,WR,2017,239,0.6
Hunter Bradley,LS,2018,239,0.1
Dillon Mitchell,WR,2019,239,0.1
Dane Jackson,CB,2020,239,0.2
Stanley Havili,FB,2011,240,0.1
David Paulson,TE,2012,240,0.1
Reid Fragel,LT,2013,240,0.1
Tevin Reese,WR,2014,240,0
Corey Robinson,RT,2015,240,0.4
Alex McCalister,IDL,2016,240,0.1
Marquez Williams,FB,2017,240,0.3
Richie James,WR,2018,240,0.5
Jackson Barton,LT,2019,240,0.3
David Ausberry,WR,2011,241,0.5
Andrew Datko,LT,2012,241,0.1
Jared Smith,IDL,2013,241,0.1
Christian Bryant,S,2014,241,0.1
Ifo Ekpre-Olomu,CB,2015,241,0
Charone Peake,WR,2016,241,0.4
Khalfani Muhammad,RB,2017,241,0.3
Greg Stroman,CB,2018,241,0.1
Jalen Jelks,ED,2019,241,0.1
Chapelle Russell,LB,2020,241,0.4
Malcolm Smith,LB,2011,242,2.4
Antonio Allen,S,2012,242,0.4
Michael Bowie,LT,2013,242,0.3
Corey Nelson,LB,2014,242,0.9000000000000001
Dexter McDonald,CB,2015,242,0
Keith Marshall,RB,2016,242,0
Elijah Hood,RB,2017,242,0.3
Kendrick Norton,IDL,2018,242,0.3
Cortez Broughton,IDL,2019,242,0.1
Jonathan Garvin,ED,2020,242,0.4
Nate Bussey,LB,2011,243,0.1
Kemal Ishmael,S,2013,243,1.2
Kaleb Ramsey,IDL,2014,243,0.1
Laurence Gibson,LT,2015,243,0.1
Kenny Lawler,WR,2016,243,0.1
Kyle Fuller,LG,2017,243,0.1
Keion Crossen,CB,2018,243,1.5
Nick Scott,S,2019,243,1.8000000000000003
Chris Jackson,CB,2020,243,0.5
Lee Ziemba,RT,2011,244,0.4
Jordan White,WR,2012,244,0.3
Zeke Motta,S,2013,244,0
Jeremy Gallon,WR,2014,244,0.3
Trent Brown,RT,2015,244,8.8
Jayron Kearse,S,2016,244,1
Treyvon Hester,IDL,2017,244,0.3
Justin Lawler,ED,2018,244,0.2
Kaden Elliss,LB,2019,244,3.2
Michael Jasper,IDL,2011,245,0.4
Trevin Wade,CB,2012,245,0.4
Brandon Hepburn,LB,2013,245,0.1
Trey Millard,RB,2014,245,0.3
Tre McBride,WR,2015,245,0.4
Clayton Fejedelem,S,2016,245,1.4
Jack Tocho,CB,2017,245,0.1
Will Clapp,C,2018,245,0.4
Chris Slayton,IDL,2019,245,0.3
Raymond Calais,RB,2020,245,0.4
Jay Finley,RB,2011,246,0.1
Terrence Frederick,CB,2012,246,0.4
Carter Bykowski,LT,2013,246,0.1
Charles Leno Jr.,LT,2014,246,5.5
Geoff Swaim,TE,2015,246,1.8000000000000003
Tyler Matakevich,LB,2016,246,1.8000000000000003
Jordan Carrell,IDL,2017,246,0
Joshua Frazier,IDL,2018,246,0.1
Javon Patterson,C,2019,246,0.1
Malcolm Perry,WR,2020,246,0.4
Jeremy Beal,ED,2011,247,0.1
Brad Smelley,TE,2012,247,0.4
Marc Anthony,CB,2013,247,0.1
Jonathan Dowling,S,2014,247,0.4
Darryl Roberts,CB,2015,247,0.3
Zac Brooks,RB,2016,247,0
Malachi Dupre,WR,2017,247,0.3
Logan Cooke,P,2018,247,1.6
Olabisi Johnson,WR,2019,247,0
Chris Williamson,CB,2020,247,0.1
Eric Hagg,S,2011,248,0.4
Kelvin Beachum,LT,2012,248,5.8
Daimion Stafford,S,2013,248,0.5
Ahmad Dixon,S,2014,248,0.3
Ryan Murphy,S,2015,248,0.3
Austin Blythe,C,2016,248,2
Keion Adams,ED,2017,248,0.3
Kendall Donnerson,ED,2018,248,0.3
Joshua Miles,RT,2019,248,0.5
Sam Sloman,K,2020,248,0.1
DeMarco Sampson,WR,2011,249,0.4
Travian Robertson,IDL,2012,249,0.5
Michael Sam,ED,2014,249,0.1
Akeem King,S,2015,249,0.1
Prince Charles Iworah,S,2016,249,0.3
Chris Carson,RB,2017,249,2.9
Michael Dogbe,IDL,2019,249,0.1
Brian Cole II,S,2020,249,0.1
Curtis Holcomb,CB,2011,250,0.3
Edwin Baker,RB,2012,250,0.4
Don Jones,S,2013,250,0.4
Demetrius Rhaney,C,2014,250,0.4
Scooby Wright,LB,2016,250,0.4
Pat O'Connor,ED,2017,250,0.3
Ryan Izzo,TE,2018,250,0.5
Austin Cutting,LS,2019,250,0
Tremayne Anchrum,LT,2020,250,0.5
Tommie Campbell,S,2011,251,0.5
John Potter,K,2012,251,0.4
T.J. Johnson,C,2013,251,0.1
Ken Bishop,IDL,2014,251,0.1
Taurean Nixon,CB,2015,251,0.3
Joe Walker,LB,2016,251,0.3
Mason Schreck,TE,2017,251,0.3
Justin Jackson,RB,2018,251,0.3
Dakota Allen,LB,2019,251,0.3
Stephen Sullivan,TE,2020,251,0.1
Bill Nagy,LG,2011,252,0.4
Daryl Richardson,RB,2012,252,0.1
Marcus Cooper,CB,2013,252,0.4
Lavelle Westbrooks,CB,2014,252,0.3
Josh Furman,S,2015,252,0
Beau Sandland,TE,2016,252,0.3
Matt Dayes,RB,2017,252,0.3
Rod Taylor,RG,2018,252,0
Ken Webster,CB,2019,252,0.3
Tyrie Cleveland,WR,2020,252,0.5
Chris Neild,IDL,2011,253,0.4
Michael Cox,RB,2013,253,0.4
Yawin Smallwood,LB,2014,253,0.1
Xzavier Dickson,ED,2015,253,0
Kalan Reed,CB,2016,253,0.4
Auden Tate,WR,2018,253,0.3
Jordan Brailford,ED,2019,253,0.4
Kyle Hinton,RG,2020,253,0.4
Cheta Ozougwu,ED,2011,254,0.3
Justice Cunningham,TE,2013,254,0.4
Terrance Mitchell,CB,2014,254,0.3
Rory Anderson,TE,2015,254,0.3
Korey Cunningham,LT,2018,254,0.5
Caleb Wilson,TE,2019,254,0.3
Derrek Tuszka,ED,2020,254,0.4
Tyler Starr,LB,2014,255,0.4
Denzelle Good,RT,2015,255,0.4
Austin Proehl,WR,2018,255,0.1
Tae Crowder,LB,2020,255,0.5
Lonnie Ballentine,S,2014,256,0
Gerald Christian,TE,2015,256,0.3
Trey Quinn,WR,2018,256,0.1
